P,1,<,:,M,A,T,b,3,*,V,T,C,E,c,:,$,Y,&,#,P,Y,8,#,f,*,y,T,e,^,C,J,I,I,e,e,r,Y,X,o,z,W,v,1,L,v,",",E,Z,A,Q,9,q,D,I,K,g,.,o,R,V,%,%,2,8,G,w,",",C,l,",",o,:,9,Z,#,T,B,",",W,t,q,c,n,p,2,G,A,6,{,R,v,L,q,j,m,T,:,V,3
u,g,^,R,*,;,>,s,y,D,o,V,J,r,@,I,3,},J,m,2,I,n,C,1,X,?,(,3,Y,o,k,g,W,3,:,8,k,u,m,i,0,m,c,h,b,O,3,3,},Y,.,],X,y,a,{,T,.,",",e,O,<,r,X,V,6,X,P,B,$,v,6,;,V,B,],w,(,*,f,T,*,>,2,",",R,U,x,z,>,5,.,f,&,1,3,3,F,I
i,5,#,o,p,E,A,f,},p,5,},I,6,n,^,K,[,s,L,*,M,8,4,L,[,d,R,w,{,2,d,P,*,0,W,I,R,H,t,5,y,4,e,r,[,5,P,J,M,{,7,L,W,.,f,U,;,k,8,C,p,y,:,!,K,q,^,*,<,(,e,[,x,9,O,O,5,e,c,Y,Z,O,{,[,z,Q,3,Z,%,q,k,Y,M,7,6,>,P,C,u
),P,a,g,e,B,4,!,Q,1,G,6,7,k,N,*,",",a,B,o,n,R,u,X,y,",",v,k,o,b,E,0,d,Z,{,2,I,u,_,v,J,R,n,N,S,N,U,h,^,A,^,J,_,?,L,e,G,K,o,b,0,N,q,<,P,",",x,%,M,E,n,w,o,a,z,6,Z,g,?,X,E,@,Q,K,r,r,t,A,u,{,E,@,_,R,r,C,L,4,F,*
O,x,m,d,),",",g,),7,3,C,e,T,<,_,N,<,>,B,l,D,y,N,i,W,#,",",h,$,@,p,{,R,],9,z,Q,F,*,7,.,y,d,W,u,Z,*,Y,3,_,r,V,n,x,4,[,H,&,B,b,D,c,8,v,@,L,u,%,a,j,w,F,@,U,%,[,N,e,g,7,1,Q,s,h,;,t,K,3,[,@,D,j,B,w,h,_,k,I,w,K
;,6,r,V,O,P,z,t,f,?,X,g,O,_,I,],E,O,6,n,X,?,&,t,{,@,",",B,@,T,",",1,R,(,.,B,y,{,r,],z,E,>,i,7,[,o,),R,L,r,O,V,6,0,S,x,S,t,B,X,z,<,9,4,s,>,{,H,b,J,0,N,_,h,^,^,),D,n,^,S,G,1,h,q,#,h,g,>,G,F,2,S,X,a,q,j,1,%
0,d,O,M,n,Z,V,b,I,N,$,B,q,!,K,Y,g,0,c,$,F,U,j,c,Z,V,_,x,<,h,[,F,{,l,^,F,q,K,s,J,&,_,R,H,i,H,h,u,j,w,L,_,u,n,C,r,!,D,Y,n,B,r,*,),1,{,&,N,C,&,H,",",!,_,L,>,V,F,[,3,x,V,_,%,A,r,3,X,E,>,U,O,7,j,_,L,V,2,u,3
J,R,L,9,l,S,X,;,c,j,k,A,*,H,3,A,2,W,%,N,;,c,F,l,w,B,F,N,!,F,c,7,v,(,@,G,[,:,K,x,d,8,s,<,S,L,.,s,d,_,s,S,v,B,s,L,K,0,j,C,P,y,A,M,n,e,5,_,y,l,I,X,Z,z,A,;,J,k,V,:,q,Q,R,w,f,.,B,q,1,J,N,x,;,N,;,^,v,1,N,_
;,1,},%,s,#,&,1,<,8,*,J,O,^,j,M,G,7,C,(,@,",",2,^,@,k,%,k,},:,k,p,g,C,M,*,.,^,w,H,E,u,_,%,C,N,R,r,%,R,b,!,H,1,m,>,P,A,g,8,A,k,?,w,m,],Y,$,z,2,Z,n,z,r,$,b,q,%,F,.,O,3,b,y,T,?,z,M,<,2,J,X,S,r,x,q,@,N,r,*
R,L,*,s,U,K,@,I,1,f,),),Y,d,G,J,P,r,w,@,Q,%,j,&,<,c,c,O,P,k,O,e,e,j,g,W,5,X,*,y,#,g,v,U,g,q,s,[,y,M,(,9,^,A,S,$,k,x,&,.,&,>,p,w,y,Q,z,x,$,;,A,I,E,@,>,h,6,A,h,j,u,c,g,L,o,H,S,?,$,I,G,m,T,e,h,y,0,?,u,(
:,K,m,L,A,E,H,],<,O,f,A,o,w,l,t,k,%,9,&,Z,X,X,W,),_,$,^,:,B,;,q,g,v,W,:,v,Z,W,O,N,",",h,Q,z,S,E,:,i,j,t,},X,^,E,(,T,f,x,U,o,),$,w,N,I,[,],!,3,Y,(,Z,!,1,Q,h,?,v,_,C,k,E,M,3,N,Z,w,h,8,C,;,R,i,q,1,$,U,R,f
<,s,b,R,c,(,Q,9,_,[,6,V,6,C,7,?,k,9,m,",",@,d,:,$,%,o,k,t,L,a,<,P,v,K,&,E,V,T,M,f,A,u,e,S,d,2,P,1,h,s,c,P,;,{,^,B,F,9,w,5,d,e,D,8,D,R,J,3,t,&,K,3,{,},O,O,(,%,Y,g,O,9,5,S,:,P,8,(,W,R,E,F,U,>,I,I,j,9,?,:
P,},H,k,9,X,b,A,>,a,D,^,4,(,w,B,5,.,X,$,1,U,o,S,P,G,&,n,e,Q,@,{,g,h,%,:,),q,5,.,j,t,&,m,N,c,e,;,$,G,G,7,j,Y,[,p,o,B,x,$,3,t,S,I,2,5,;,F,u,M,],x,P,q,C,%,T,;,N,9,F,?,;,T,f,G,4,K,8,7,3,(,1,},%,n,l,J,>,_
:,:,),I,z,k,g,H,K,g,3,g,I,K,h,7,(,O,",",<,A,P,a,V,",",2,N,1,Q,[,Y,&,W,9,P,p,4,Y,M,:,J,Q,C,Q,c,{,f,;,6,u,&,8,U,l,G,;,I,f,$,:,N,u,z,2,j,F,U,P,Z,S,U,5,d,y,l,v,},<,D,q,l,;,q,t,3,K,J,d,e,n,u,%,!,m,%,>,%,L,c,y
>,a,i,),%,0,d,Q,Z,#,{,d,c,g,L,g,u,R,u,D,a,3,K,h,K,V,h,N,H,G,J,A,:,0,Y,u,O,M,Z,F,W,*,*,X,t,0,q,w,@,g,9,;,1,8,{,X,M,4,8,&,:,G,c,e,],r,J,2,",",9,6,_,m,:,i,e,L,E,",",},8,^,1,6,#,Z,0,V,I,I,x,R,%,2,>,],W,2,q,3
I,U,a,],M,3,W,$,$,E,V,j,4,i,<,K,u,e,F,X,a,3,3,^,e,g,t,[,},5,<,s,d,2,m,D,n,Q,4,P,9,?,Z,S,2,g,@,W,T,a,7,*,k,o,y,H,(,!,D,s,A,w,(,F,",",[,a,7,g,c,t,h,U,?,D,j,o,O,:,q,Z,x,e,U,^,a,",",I,_,X,T,m,O,b,Y,d,_,Z,[,U
p,A,l,&,<,^,0,A,U,T,q,b,0,S,N,6,k,m,[,S,I,2,a,v,D,d,%,5,a,D,4,q,#,7,M,d,b,N,V,F,d,v,y,],<,7,#,U,T,^,O,[,!,{,6,K,Q,>,T,F,5,l,R,@,2,",",w,Z,V,B,&,I,Z,Z,M,d,0,x,%,k,Y,M,x,R,n,O,<,x,:,T,h,x,",",},t,2,b,9,C,>
H,V,z,@,4,p,A,(,D,T,z,A,a,!,p,.,E,L,X,B,Q,i,b,n,*,e,H,s,n,C,B,<,#,0,Q,V,P,c,b,.,W,k,L,<,I,%,w,L,6,N,J,k,x,E,?,G,{,t,),Q,o,(,L,2,o,9,q,j,d,&,",",M,S,P,x,(,^,],t,S,?,i,E,z,T,U,A,J,1,d,$,k,$,I,w,q,i,E,B,W
%,P,",",D,q,F,O,N,&,Q,K,P,Q,0,N,y,t,!,K,v,O,E,>,^,%,&,Q,o,r,x,j,a,K,.,3,B,2,y,",",M,U,q,*,#,w,e,&,:,a,<,C,6,v,b,R,U,_,h,q,2,H,Y,?,0,B,C,W,o,i,d,E,K,f,V,C,2,T,d,g,6,5,e,8,L,@,E,<,P,v,7,q,N,6,*,r,!,q,<,q,u
4,x,h,l,0,v,),[,{,*,?,N,C,k,u,],.,<,F,q,l,K,A,G,o,4,O,[,n,c,f,7,2,e,),},i,e,9,I,M,.,@,@,m,n,",",t,_,%,t,#,Q,i,R,v,%,I,p,h,P,u,t,5,:,%,P,<,u,f,p,],B,V,d,s,d,.,d,L,F,5,i,D,;,t,u,$,0,g,D,T,>,j,W,1,t,f,B,w
z,",",L,f,],V,R,J,3,Q,?,@,w,:,%,S,*,},(,},i,.,X,},d,[,_,6,p,(,C,c,;,$,:,4,I,W,a,O,?,(,x,>,[,1,h,(,t,l,l,E,d,@,r,.,8,0,P,v,r,!,2,>,X,q,6,),c,p,u,J,],6,n,X,s,x,&,d,{,y,e,D,F,{,9,",",},o,<,M,T,&,},a,7,9,^,C
z,},K,u,C,q,8,O,],S,_,w,x,H,&,1,D,6,v,H,M,Z,1,&,{,%,l,6,2,c,*,L,;,>,l,h,R,R,m,Y,f,x,q,!,B,p,g,A,n,r,z,^,6,},S,],o,7,I,6,7,f,r,0,s,P,b,w,A,>,F,F,g,z,N,X,{,$,D,C,o,p,o,g,y,),j,!,e,&,W,n,w,D,0,b,],v,m,E
[,_,r,{,P,T,J,?,z,l,U,S,Q,a,C,<,3,U,h,w,u,k,D,e,A,0,A,r,t,T,Q,7,e,S,x,d,y,s,.,6,:,:,C,{,g,N,S,:,6,P,*,K,a,5,5,m,j,6,w,T,c,],I,T,T,},n,>,j,U,o,I,p,d,>,Q,t,#,0,",",X,{,X,#,M,u,_,^,k,$,{,V,@,a,@,0,P,s,I,y
t,",",W,P,z,J,f,},H,1,J,f,r,M,Y,(,X,t,E,],6,},n,9,A,j,a,t,e,R,E,I,W,[,3,_,j,y,G,),Z,X,c,u,k,D,L,Z,j,{,c,z,?,m,:,E,u,z,D,%,f,S,p,D,D,@,[,8,2,),M,C,z,C,G,K,E,v,<,6,:,?,*,G,v,k,R,A,$,r,g,b,},J,>,e,.,R,y,l
K,^,q,A,V,n,^,>,!,},E,Z,T,u,O,^,d,8,U,8,u,S,h,b,Y,^,1,k,J,7,H,W,D,X,g,0,G,q,N,K,],(,g,Z,G,h,v,_,$,#,.,%,$,%,D,?,O,W,C,K,Q,a,T,t,B,J,3,e,;,6,e,Q,;,;,I,5,V,L,U,G,8,^,),T,H,u,H,T,3,*,*,l,A,U,s,I,],",",Z,p
y,c,%,X,(,c,j,<,$,W,",",I,T,:,j,A,T,s,u,],q,Z,H,p,U,N,V,$,p,2,9,s,&,5,s,b,n,1,F,w,s,p,N,M,a,o,Q,p,!,E,#,x,*,N,6,T,<,d,!,O,[,4,H,T,@,T,.,*,B,H,L,R,w,$,D,w,V,X,T,p,n,Z,r,y,{,y,Y,D,D,g,o,A,Z,],R,#,c,t,:,s
q,y,V,T,3,v,r,],{,@,S,8,I,),9,O,&,I,4,;,h,r,i,h,#,P,A,v,u,K,1,a,R,n,R,u,%,!,u,",",$,C,},_,A,G,b,G,Z,{,b,8,M,T,4,&,J,7,N,>,Q,w,n,$,o,*,a,V,G,N,O,c,d,G,@,u,H,6,1,S,I,2,<,A,",",t,!,p,d,5,w,$,7,b,K,d,;,Y,@,M
y,},N,f,b,r,{,*,",",l,^,_,f,I,Y,L,i,r,<,e,R,%,w,3,G,3,r,$,9,O,;,],T,g,2,i,K,8,*,$,V,l,q,%,9,v,4,X,),F,:,v,{,l,d,L,0,",",J,v,A,M,w,.,_,",",<,i,o,R,Q,t,(,O,>,4,p,2,W,b,5,x,K,l,t,H,Y,C,*,N,),@,R,Z,7,$,%,5,P,.
s,S,J,V,r,(,I,y,2,d,J,l,W,C,?,5,G,t,I,F,w,v,l,P,J,9,),#,%,k,(,V,d,D,],2,1,:,W,G,z,:,K,M,f,&,),7,",",Q,H,6,Y,p,6,G,k,7,",",p,!,w,0,o,I,[,^,[,v,n,H,N,H,S,$,},W,7,^,M,1,),o,l,C,D,D,!,A,%,t,Y,},P,x,q,I,M,V,u
m,(,G,E,N,D,(,B,2,0,_,c,V,O,&,f,$,n,E,Z,D,0,},%,L,x,U,4,),7,0,.,D,G,^,R,Y,!,0,5,k,C,X,s,{,>,d,j,i,l,!,#,v,},3,e,(,#,J,T,j,a,W,G,b,[,j,I,4,>,>,[,b,F,^,Z,6,c,},x,Y,$,(,#,D,r,x,C,i,u,p,:,w,1,z,c,v,u,_,v
X,j,K,&,X,W,y,H,&,d,c,?,.,#,g,*,w,s,W,%,$,4,3,a,i,G,u,q,A,L,A,C,$,.,8,2,N,5,i,q,!,c,P,0,9,[,1,},j,x,c,},_,7,>,S,Q,F,k,#,&,?,L,$,R,8,S,F,R,r,$,f,5,2,W,<,P,(,h,7,t,h,P,6,>,H,n,U,t,N,P,d,K,b,D,q,y,l,M,S
X,9,T,@,],H,t,a,5,W,$,d,b,5,Z,.,X,m,l,z,f,E,j,2,X,A,Y,S,.,n,d,;,Q,N,.,>,I,u,d,N,},u,@,J,",",Z,e,z,z,B,o,i,Z,0,n,O,(,b,0,V,e,l,3,C,S,n,p,;,{,Q,c,y,},x,?,a,C,i,3,a,@,!,x,a,[,m,B,E,z,Y,X,W,w,S,X,(,$,D,Y,^
X,W,2,k,j,Y,1,v,e,j,q,r,W,),0,V,m,m,6,V,p,i,X,r,D,I,c,(,&,},],},_,},8,k,T,[,],9,f,<,#,W,},6,%,t,R,m,],2,<,X,o,k,E,P,U,m,B,b,F,_,C,z,T,!,#,),n,R,m,V,f,J,V,o,.,S,u,V,7,3,@,],8,C,6,V,m,%,2,s,^,D,5,i,",",w
5,Y,3,_,{,m,],M,(,T,p,0,O,D,O,L,R,j,8,",",q,l,1,M,6,i,C,T,K,#,0,M,8,<,t,c,G,2,J,Z,I,1,2,6,@,Z,!,M,v,2,e,g,w,9,G,p,!,",",O,K,Q,e,Y,Q,0,z,W,i,5,c,D,B,P,T,g,J,*,t,k,x,d,^,i,a,$,n,&,f,@,l,2,M,8,F,k,f,A,P,h,P
Q,y,L,8,<,x,Q,S,A,4,&,W,4,>,d,9,{,1,Q,J,?,9,X,},Y,E,9,Z,b,q,l,R,#,],{,r,8,x,6,?,x,.,V,v,[,{,%,W,d,K,9,w,&,R,],6,;,a,n,E,W,b,",",},Z,S,8,X,e,8,i,F,0,x,z,B,i,$,S,0,$,e,X,s,V,v,6,[,w,S,&,J,(,@,x,_,r,J,2,f
G,y,W,s,u,>,w,V,E,B,M,@,H,V,K,3,u,w,f,H,j,@,n,a,Z,l,I,?,%,S,U,[,X,b,c,h,!,{,Q,5,N,],h,R,[,8,6,G,O,8,),D,u,U,U,F,V,O,5,T,P,j,3,z,l,c,(,9,U,U,O,M,m,Q,_,6,:,@,K,w,e,e,V,n,w,?,),_,w,$,",",2,i,C,),A,E,x,a,u
t,E,0,A,J,5,:,7,2,K,R,^,h,<,B,j,R,Q,",",4,:,&,$,A,Y,$,Z,Z,e,u,T,5,?,<,k,O,v,f,Z,4,_,a,u,",",r,7,V,8,c,M,{,a,3,P,q,:,K,L,F,#,f,L,D,U,c,",",e,H,2,2,8,{,?,.,a,@,S,J,3,H,K,U,8,Q,O,7,N,S,W,y,n,P,),},y,k,:,B,@,W
z,;,g,f,Q,t,h,k,C,(,o,W,S,5,%,),!,*,!,p,%,#,S,<,h,b,U,J,5,l,u,k,F,v,k,(,F,A,(,<,o,.,[,l,W,y,1,X,#,8,^,D,;,W,y,B,N,e,L,;,P,7,.,$,0,j,Y,t,!,>,A,$,n,$,U,&,[,$,l,Q,i,h,?,^,N,!,1,L,>,C,],y,;,R,T,K,{,V,m,O
b,m,&,r,o,5,i,P,?,r,5,&,Q,R,f,C,t,(,&,H,s,T,h,#,O,",",#,g,R,>,R,l,W,#,j,Z,I,C,&,n,l,_,L,o,7,A,m,Z,?,7,9,M,J,u,e,Q,h,],g,$,Y,U,w,z,],k,b,3,S,L,n,t,],i,L,3,w,M,k,o,F,T,R,o,.,V,c,O,",",1,%,t,!,j,E,l,B,O,F,B
%,q,t,Y,a,V,<,O,b,),9,;,a,7,T,O,H,y,R,L,",",c,R,q,t,>,a,H,M,V,;,:,z,F,Q,6,),t,8,f,w,1,S,?,[,X,W,h,l,h,<,l,c,3,K,P,5,9,q,4,#,I,M,t,q,R,M,},w,9,Y,!,:,:,n,},e,4,:,z,u,u,?,M,u,D,*,D,d,G,w,},r,9,S,Y,o,f,G,R
[,j,R,N,X,R,e,[,Z,U,!,w,k,M,M,q,f,",",n,(,$,",",u,o,2,y,},!,C,_,J,<,B,@,Y,>,T,X,>,.,",",Y,D,),M,6,6,u,M,7,(,h,C,N,_,o,s,R,y,",",z,],i,),f,Y,l,F,x,b,g,F,Y,*,?,k,x,K,;,n,0,J,Q,g,m,*,9,5,S,B,K,U,^,1,P,&,B,9,4,B
j,j,r,J,K,o,B,a,o,2,5,L,d,Q,C,#,],M,$,7,_,P,.,W,{,G,E,B,q,b,e,E,k,K,w,y,.,P,f,p,r,G,6,Z,r,R,o,6,^,u,),A,#,c,u,e,0,2,e,F,3,.,g,#,n,e,*,3,Z,L,c,z,i,^,^,y,l,W,#,2,},n,n,Q,",",c,A,n,@,d,4,5,{,a,_,a,D,H,Q,9
T,i,H,I,1,P,N,w,k,y,z,R,I,n,w,(,V,>,L,9,t,Z,],V,.,S,s,%,),c,N,P,],a,J,w,B,M,p,x,0,V,Z,f,o,*,T,$,p,O,",",D,<,;,&,P,c,z,u,O,#,u,3,",",R,e,G,p,l,V,},O,),},c,},r,D,Q,N,N,4,j,M,j,t,(,9,3,h,I,:,?,n,6,q,c,%,$,L
d,;,F,3,<,*,W,4,J,3,(,@,@,{,.,a,<,M,B,J,j,t,7,.,S,m,b,H,",",E,Q,K,U,B,&,<,Y,1,8,X,n,f,!,m,L,*,d,$,m,f,n,<,G,&,:,(,j,l,C,a,x,Y,m,S,^,H,0,?,.,Z,w,n,c,K,U,X,U,*,Q,D,j,I,?,],),W,<,r,L,a,2,D,],G,},w,0,Q,t,b
N,$,e,R,_,u,a,0,Q,C,:,n,r,$,C,J,H,a,",",u,(,3,F,V,V,Q,[,T,D,x,@,o,B,a,w,6,V,Y,!,{,D,_,l,4,9,3,*,],J,e,<,),!,b,;,j,X,%,D,f,_,&,y,3,l,c,G,<,k,m,:,t,%,c,7,h,),],o,5,E,8,B,t,l,B,k,d,F,{,y,M,u,I,G,i,),5,",",8
),",",n,:,A,[,e,*,t,Q,p,5,R,Z,5,g,b,%,O,#,!,J,:,I,*,L,z,},m,J,<,f,r,<,P,_,n,n,N,;,r,P,m,Q,3,%,d,>,v,%,X,v,t,6,!,d,F,v,*,#,@,_,.,D,<,I,_,<,N,g,j,.,[,H,),7,$,3,7,3,7,k,i,k,I,D,V,1,z,2,#,#,o,D,F,H,>,3,n,s
j,K,Y,k,m,z,t,T,P,f,{,Q,a,?,L,z,:,g,3,8,O,z,D,4,C,0,%,t,F,S,I,{,T,&,>,$,i,p,!,l,H,@,Z,6,?,:,N,d,F,:,S,&,E,1,%,?,&,q,s,J,R,},S,4,{,E,V,:,*,S,S,U,$,{,f,>,y,1,c,I,H,(,F,G,Q,R,I,),3,a,!,y,N,>,P,C,V,a,x,Q
K,*,C,$,:,X,m,h,z,},},N,C,h,#,d,3,3,w,m,7,q,),9,O,>,j,N,y,a,z,_,),*,K,u,c,;,i,_,V,_,k,],>,H,4,j,?,m,e,D,c,a,v,u,:,(,p,F,j,e,Y,],D,p,1,*,7,:,a,c,R,m,V,I,},(,5,H,A,8,Y,$,P,Q,J,J,:,i,W,^,I,;,y,e,h,D,2,>
q,N,<,},C,G,9,8,5,<,t,%,J,&,_,m,A,j,a,&,7,@,},k,Y,<,<,S,n,:,D,4,a,7,u,g,m,9,},#,O,l,t,t,7,A,G,",",q,d,b,y,5,9,M,.,B,I,J,S,q,q,j,j,R,_,5,%,N,I,a,Q,!,<,x,J,x,D,{,g,),g,5,G,.,h,1,Q,Z,_,r,V,l,e,Q,3,o,},R,P
n,n,0,i,{,h,s,n,w,_,v,",",e,J,$,g,q,M,I,3,l,X,K,#,b,6,k,K,y,.,r,g,i,e,o,0,s,x,Q,&,4,c,:,K,f,5,b,N,[,u,x,8,M,q,:,J,e,j,],w,Y,^,7,z,?,V,a,6,;,*,f,f,@,N,t,<,r,],e,>,_,d,R,4,l,S,<,X,C,i,.,V,v,(,W,&,#,d,o,Y
5,r,$,E,A,4,;,q,4,),2,",",.,7,),5,s,0,G,Z,N,P,S,2,:,x,a,H,],n,?,r,?,v,O,.,G,P,>,x,&,R,u,w,m,I,U,X,2,Q,g,^,2,m,6,z,o,V,{,R,#,g,f,X,O,6,p,E,k,M,n,L,[,2,V,X,J,*,f,*,k,T,n,E,a,O,p,t,(,&,;,>,E,r,.,C,f,k,!,&
I,*,H,r,Q,^,M,H,j,h,P,],},A,b,C,n,1,X,S,i,b,v,4,7,{,q,O,X,S,H,6,),V,c,W,%,M,2,l,G,6,x,>,.,},6,;,B,2,n,@,4,H,a,d,},T,I,y,[,1,K,C,v,.,T,.,t,D,r,b,F,$,P,M,d,G,r,8,r,9,T,D,{,L,h,3,t,G,e,s,4,B,L,X,2,m,4,O
:,],:,8,x,I,V,*,N,*,&,I,2,J,{,K,.,Q,K,8,j,3,v,6,e,w,z,S,[,x,Y,?,p,X,8,O,&,},e,t,H,0,a,F,b,r,k,9,q,M,1,D,(,N,@,o,5,;,A,F,Z,Q,j,_,v,>,j,8,@,Z,T,$,(,!,2,.,N,X,I,l,c,F,U,H,J,k,1,1,^,>,!,3,k,5,r,Z,7,H,!,r
:,B,y,K,E,z,E,y,A,^,m,T,3,3,K,%,%,g,3,&,$,w,F,4,K,q,!,L,k,c,I,H,o,#,F,T,{,?,2,5,x,H,L,7,.,;,U,o,I,4,3,c,z,q,c,D,(,6,A,x,v,J,.,d,7,H,%,8,j,3,@,v,.,2,o,v,Y,W,Y,;,},[,j,<,M,Y,6,6,),<,x,0,K,z,N,),1,A,*,e
Z,h,P,k,e,E,",",V,j,0,o,;,v,N,*,n,L,l,y,Q,u,j,U,q,*,4,#,Z,O,B,_,J,A,m,k,o,!,M,o,6,V,%,&,p,I,1,H,{,.,j,A,R,n,Q,n,v,b,Z,;,*,5,T,v,Z,H,J,N,0,&,[,M,C,%,K,),r,s,[,O,?,*,B,t,N,Y,",",:,W,*,f,7,9,s,$,0,},t,G,m,x
Q,&,u,u,O,J,>,9,p,#,C,^,;,r,f,},P,E,",",w,1,D,9,V,g,J,s,$,},#,[,A,M,v,.,f,J,J,M,5,v,1,j,@,M,X,s,X,e,;,(,k,U,O,v,9,U,C,},8,v,],I,),V,H,6,3,0,8,C,4,6,P,S,w,z,h,",",S,K,$,f,r,g,V,[,o,O,h,A,$,N,V,.,1,m,x,(,[
{,1,l,p,c,.,p,J,Z,(,h,c,V,],L,0,[,X,o,o,a,.,(,U,X,5,W,4,z,6,C,A,%,D,?,m,a,$,g,L,(,>,e,r,X,G,},N,C,>,f,u,m,1,h,5,f,s,},v,5,7,X,L,9,g,C,&,;,E,C,<,H,4,3,s,.,Y,j,6,F,Y,],N,[,9,W,2,j,w,b,[,Q,},?,",",Z,9,^,o
v,},e,},",",P,5,2,D,<,l,2,q,V,Q,m,T,x,K,g,9,E,t,!,a,;,*,m,t,*,S,:,{,3,a,:,W,W,%,H,Y,l,i,3,I,J,I,M,5,9,p,#,H,X,),),H,l,w,5,D,3,],A,p,G,J,E,k,W,[,e,Q,R,3,&,.,T,8,W,u,I,6,},",",8,",",N,I,L,8,;,U,4,a,S,l,3,m,t
6,<,b,#,Q,;,9,8,U,t,$,p,A,O,o,q,b,Y,",",0,),Q,#,0,d,K,&,N,b,],l,[,o,Z,B,R,b,G,H,o,m,6,B,#,u,@,2,g,A,7,Z,j,k,l,U,O,O,p,w,_,b,m,W,o,C,],q,N,w,a,{,y,t,d,&,h,N,%,c,_,{,p,I,y,],c,i,8,),j,k,s,;,8,y,n,w,2,[,9
$,H,:,A,T,],I,},i,^,w,M,],1,N,q,n,2,9,.,5,7,f,1,_,<,7,U,*,T,x,(,I,#,V,$,j,?,{,5,},>,v,O,Y,1,},;,&,9,j,a,X,q,#,1,],d,p,8,a,d,F,;,[,J,S,8,v,s,s,(,{,!,p,[,m,T,E,5,Y,9,U,J,t,[,$,F,p,#,7,[,7,.,i,E,w,I,(,G
n,V,8,F,],Y,?,^,s,L,4,H,m,r,a,g,9,X,P,T,o,Z,b,h,$,i,C,W,},M,F,o,y,#,*,6,P,Y,",",},V,(,?,8,$,},8,t,],?,R,@,L,o,{,O,O,c,9,j,S,C,@,X,#,d,S,:,!,C,f,Q,m,X,$,c,X,:,$,?,P,z,a,f,_,D,v,u,l,K,i,B,D,e,*,V,j,t,N,f
H,",",x,a,B,#,W,Z,H,_,4,m,7,j,x,N,j,r,?,h,3,3,w,x,R,p,M,2,A,3,p,),B,>,{,h,m,u,E,<,N,3,",",5,",",_,c,I,T,B,f,1,],#,x,&,2,(,Q,T,R,f,),Y,A,f,l,%,],h,^,c,g,5,L,M,{,),b,o,*,M,I,u,g,*,h,1,e,R,<,U,g,",",:,p,",",c,8,h
v,d,H,%,R,},$,H,;,4,},v,l,z,W,>,Z,V,y,U,M,b,v,N,X,y,A,d,j,B,s,x,Y,E,@,9,Y,2,e,5,.,z,T,l,b,m,?,u,b,u,I,z,A,},T,X,U,A,0,j,N,],r,e,f,4,Y,9,@,y,R,S,#,@,5,;,l,.,5,7,S,*,$,Z,J,L,?,p,},!,y,D,b,(,),l,X,G,i,D
_,Z,Q,P,O,T,!,5,1,),p,8,.,8,6,?,G,%,[,w,C,B,&,M,>,L,P,K,F,8,7,9,y,o,8,Q,@,f,&,_,&,N,m,<,b,!,8,^,m,Y,;,_,O,b,h,:,^,a,Z,t,k,V,L,],8,V,D,),I,_,H,s,c,i,M,a,z,G,o,Z,y,G,R,M,[,e,$,W,C,0,Z,?,l,O,m,T,O,9,5,9
%,L,b,N,B,^,s,Q,1,R,(,A,:,D,d,@,g,F,u,&,r,(,P,z,],4,1,t,o,k,A,X,;,Z,5,D,c,B,.,D,U,),Y,u,Y,E,%,O,],*,;,*,W,*,H,},5,c,%,m,n,N,q,e,E,O,f,b,w,0,F,",",M,c,:,M,l,w,K,9,L,U,#,J,",",@,K,Q,],%,B,D,.,7,h,.,_,a,J,u
V,w,(,K,o,E,C,J,M,S,b,",",.,k,r,9,!,R,u,?,:,U,P,5,i,P,R,$,i,M,$,{,%,s,;,>,7,A,<,h,g,Z,},M,2,3,j,B,#,b,L,Y,H,E,4,s,1,S,D,W,B,.,z,O,@,m,V,(,8,L,^,e,v,S,{,W,D,:,p,c,w,g,n,w,0,E,f,C,Y,p,?,#,S,n,a,i,Q,6,l,}
q,Z,G,t,6,5,2,v,_,z,d,0,E,x,$,o,s,;,R,2,x,A,],n,s,&,z,N,O,S,d,<,B,j,D,6,^,w,",",s,p,1,:,),N,Q,*,y,s,Y,T,e,h,B,v,T,^,#,4,4,0,.,w,<,],o,?,#,L,K,@,7,#,{,{,y,b,*,7,o,},l,],i,.,n,j,B,j,m,K,c,l,A,P,9,h,c,R,R
p,t,y,Y,*,l,B,Z,P,c,B,D,c,u,k,^,5,I,d,l,},?,x,u,?,t,;,t,;,o,[,o,8,C,L,(,F,J,.,^,W,#,T,?,),A,6,k,d,h,4,*,:,$,L,a,_,D,S,;,;,M,Q,<,q,C,1,K,X,!,s,b,j,7,L,@,Z,G,3,3,l,U,>,;,<,<,f,n,;,6,$,5,1,),),m,^,3,o,4
.,%,7,W,H,b,g,F,Z,j,l,Z,",",X,z,[,n,@,_,^,<,Q,#,D,w,a,[,d,q,",",[,^,4,g,O,U,B,f,D,#,O,R,&,4,y,h,],i,y,2,&,S,o,M,1,),;,J,@,_,S,Q,X,(,m,7,O,U,t,),>,M,p,q,:,?,?,F,[,@,c,^,;,[,f,:,F,?,U,5,X,0,G,0,^,C,^,D,o,m
h,m,p,R,h,2,L,I,D,p,M,k,e,Q,S,),v,D,{,@,Z,0,4,1,w,d,<,x,c,S,},M,J,T,x,c,w,R,y,n,(,),s,4,E,y,?,M,o,o,v,;,n,$,*,[,x,z,S,;,9,3,I,A,.,a,),q,X,A,s,y,9,<,l,",",5,f,*,K,},D,:,l,],Q,v,},!,I,?,a,t,),b,&,U,G,j,0
1,?,r,H,t,n,s,8,L,x,S,u,M,.,A,O,P,p,G,I,D,^,z,F,v,w,P,s,r,},r,G,8,6,N,b,@,7,C,g,q,.,i,y,(,Y,5,b,;,L,},?,8,f,5,>,.,:,7,J,Q,W,o,c,},&,m,b,M,{,<,f,X,},H,S,i,8,m,s,4,G,X,},y,n,},b,h,0,w,R,f,!,N,J,2,s,d,5
A,c,c,?,(,8,>,S,),M,M,E,t,a,D,x,i,b,7,C,K,{,z,[,H,;,V,l,6,{,S,u,&,{,2,(,j,D,v,Q,A,m,*,7,e,},4,{,h,X,v,f,S,L,D,:,I,y,>,e,H,z,C,{,J,5,O,w,%,},f,<,0,V,a,W,f,P,$,4,X,$,*,],",",L,A,z,0,d,c,b,g,x,7,8,7,H,[,E
O,E,8,7,9,O,S,?,Y,;,5,Q,x,C,P,M,j,S,s,<,B,6,H,z,0,3,I,9,;,Z,D,h,o,",",x,3,o,w,$,A,I,N,B,N,(,r,5,L,2,T,C,),L,H,4,P,r,m,N,r,4,B,n,k,q,b,p,@,(,d,4,O,S,<,$,6,u,B,3,R,u,l,&,J,&,?,$,y,x,0,R,o,W,x,5,s,#,h,2,w
O,E,f,0,u,t,s,S,d,r,E,f,?,q,[,D,&,I,[,E,v,Y,T,c,F,D,:,k,v,C,g,W,8,T,h,7,B,8,m,!,N,q,R,j,;,Q,D,b,G,R,H,o,T,P,m,>,E,m,8,g,<,c,.,c,x,S,z,3,6,6,2,i,w,D,w,P,x,v,.,u,?,T,q,k,>,q,>,],>,q,>,C,!,O,3,l,_,s,J,o
.,.,G,c,V,l,<,i,b,},",",5,F,u,U,0,M,h,k,",",I,V,$,B,b,},y,W,S,E,],L,7,k,X,t,:,c,e,O,C,.,F,o,%,&,r,o,N,x,U,m,P,;,$,_,^,>,0,",",E,[,R,{,;,8,4,h,!,5,w,K,N,%,b,T,V,a,v,4,@,U,1,I,3,w,2,J,C,2,q,V,K,8,D,v,@,W,c,s
f,C,S,.,U,Y,L,2,V,Y,L,C,_,x,O,u,2,s,S,Z,S,U,.,p,<,[,!,f,a,a,A,0,e,9,2,C,],n,>,U,),X,(,o,Z,y,h,b,r,n,k,y,%,<,M,},y,&,7,X,*,p,V,u,y,5,U,w,6,&,d,I,3,v,a,!,x,C,c,X,c,O,B,s,X,%,O,M,I,R,a,G,4,{,T,B,.,b,{,5
J,L,{,8,g,{,h,k,F,W,v,{,*,!,#,9,k,p,Z,<,t,N,p,p,g,>,m,s,.,t,#,I,e,D,*,&,Q,A,A,>,n,b,0,^,.,&,B,C,o,>,x,h,Q,7,0,o,Q,6,i,.,b,s,v,H,),@,c,I,r,^,5,l,P,r,j,t,M,D,.,^,%,.,0,q,x,8,;,4,[,2,&,h,J,o,q,G,d,1,7,n
M,f,&,9,o,@,z,F,g,[,Y,P,m,C,F,t,e,J,L,8,t,T,S,4,$,!,E,1,2,B,H,5,f,1,},b,:,o,%,E,},),S,<,z,y,>,q,d,X,E,W,.,H,u,!,w,@,H,z,g,*,w,S,V,.,s,0,k,0,x,C,@,;,!,5,7,i,W,M,>,R,1,Y,b,:,l,O,7,I,p,p,?,9,x,1,n,2,",",2
o,z,u,E,v,v,0,e,B,{,F,x,:,P,Z,9,Q,5,R,X,k,j,:,O,F,O,d,e,C,;,d,G,1,v,%,F,M,x,c,s,6,],*,G,Q,>,I,H,W,.,},l,(,B,r,T,S,(,%,3,Z,X,h,z,v,O,R,B,G,Z,D,6,V,K,$,z,$,a,W,0,%,{,B,7,],],k,:,%,D,$,4,s,s,3,1,Y,V,I,J
%,!,},>,?,s,T,x,Y,T,5,E,e,U,],8,e,x,P,w,m,],C,r,(,t,L,m,n,?,c,B,{,f,(,0,P,o,E,r,2,<,z,_,D,!,),Y,E,i,A,Z,[,K,9,[,1,j,L,",",y,0,r,",",&,n,i,W,_,r,o,.,],4,{,W,!,_,g,m,R,y,k,l,D,R,u,$,S,_,&,m,J,a,d,@,Y,r,c,u
k,#,6,<,d,h,Z,<,t,%,4,D,D,b,e,),g,<,$,U,",",>,Y,w,r,1,m,:,j,0,b,a,6,(,_,@,?,l,*,x,e,T,9,r,k,g,4,j,x,B,p,>,%,f,u,g,*,9,),7,0,r,x,t,!,m,Q,!,o,V,h,@,<,{,n,2,Q,5,8,Z,q,q,b,7,W,9,?,h,^,L,P,T,k,f,f,C,2,.,8,S
u,B,m,q,y,H,5,z,?,x,A,e,J,},w,",",6,u,[,<,w,A,%,D,Z,i,z,_,9,t,u,1,},B,U,e,w,m,$,c,2,b,S,@,<,J,q,2,1,^,^,#,h,U,^,M,s,Z,^,2,s,g,5,?,5,E,_,y,t,G,",",},I,p,S,h,{,o,i,m,o,4,U,{,0,b,),k,",",0,$,r,$,K,],5,b,5,o,N
g,X,a,J,M,i,j,O,W,K,D,8,U,r,I,k,C,m,f,e,t,i,*,L,^,5,s,^,7,$,n,m,a,u,j,$,J,D,G,T,@,v,i,0,A,x,.,Y,V,O,T,@,u,.,{,E,E,Y,i,c,G,[,f,#,<,1,1,f,p,7,1,:,.,?,G,;,@,*,$,3,F,2,Z,$,^,E,x,J,.,P,K,3,7,6,!,E,5,t,I,P
H,W,#,>,},n,u,J,z,.,C,$,>,a,&,N,2,x,N,!,z,",",",",V,],M,4,1,1,R,i,M,f,@,W,#,g,),<,@,L,R,d,H,n,u,t,W,l,N,5,@,5,y,T,C,4,.,O,:,V,},Y,M,a,c,a,*,G,{,E,Y,.,T,{,F,j,u,L,q,D,g,],w,n,L,u,c,i,u,a,s,Z,W,a,U,i,f,G,Y
E,m,t,S,H,?,M,),%,:,o,m,P,z,Q,W,S,7,q,Z,O,;,O,l,w,5,s,G,n,?,M,a,f,Z,l,5,*,?,v,),?,n,w,v,i,t,h,^,B,0,k,b,G,U,:,6,X,E,s,$,v,f,I,S,],.,[,V,r,p,^,y,*,2,),X,&,y,t,M,k,P,:,i,f,M,r,7,V,P,o,a,F,c,^,c,y,8,E,N
b,.,0,D,7,#,s,[,f,Z,l,b,r,&,%,{,2,},.,n,U,c,^,%,R,q,n,.,o,s,N,z,T,C,q,b,G,_,g,E,_,{,),^,o,},3,K,s,C,n,Y,D,(,i,^,2,3,H,n,M,7,R,:,Y,s,a,m,o,V,m,E,1,X,K,x,),%,l,V,l,O,o,9,W,i,j,Y,j,%,o,!,l,N,L,Z,U,2,?,4
6,e,8,?,{,s,u,j,Q,C,[,V,Y,A,d,O,k,9,B,c,6,i,(,e,W,?,",",>,F,q,o,3,^,r,X,R,0,>,C,8,2,U,Q,),w,),H,F,L,M,f,),K,j,f,7,@,#,{,H,t,B,E,i,U,S,P,O,_,_,&,@,z,9,h,h,2,X,<,@,%,d,!,;,q,c,i,",",^,%,T,d,u,$,I,x,>,[,d,m
D,3,!,u,g,{,j,A,Z,3,4,@,",",$,>,H,1,t,d,>,d,F,a,Q,v,p,Q,w,F,b,*,M,!,8,N,t,},G,J,A,4,s,<,h,;,B,>,S,D,},4,>,>,(,C,f,b,K,p,a,!,5,.,_,[,l,W,a,],),o,6,i,J,<,*,P,a,Q,X,Y,Y,j,I,g,5,6,X,4,x,U,f,i,>,o,Q,G,6,%,l
^,Q,R,k,L,$,w,;,d,$,2,r,Y,z,s,7,8,L,K,f,>,k,i,z,X,j,[,&,3,G,s,],E,w,!,X,S,6,a,i,P,H,9,u,P,a,Q,w,K,M,o,T,t,(,g,Y,C,x,a,!,a,B,T,B,j,F,e,%,y,V,L,I,^,t,3,X,6,J,v,y,Y,},4,*,x,k,T,t,",",0,>,*,Q,_,q,N,;,W,g,*
9,>,k,B,!,r,3,J,W,&,M,3,$,8,0,(,o,Z,_,t,v,{,g,S,D,l,[,R,q,W,y,m,3,h,_,K,e,l,&,],r,d,#,E,D,",",t,(,B,u,*,K,^,d,8,t,J,M,b,S,[,m,6,:,r,?,3,L,0,},[,.,H,),[,*,B,D,_,?,o,<,s,5,q,i,o,?,N,X,j,D,@,),u,U,4,n,f,I
o,p,E,.,k,[,*,7,b,J,K,Z,p,{,L,T,{,C,H,8,4,r,p,:,2,>,u,{,!,w,j,Q,Y,*,L,u,n,N,t,<,r,r,5,G,k,m,w,A,p,q,^,i,K,p,j,*,7,M,n,H,q,0,;,0,n,1,b,H,q,4,V,l,K,T,Y,^,D,R,i,@,W,g,T,^,;,y,!,),k,N,Y,&,N,*,d,j,Z,],_,<
h,A,5,i,l,E,>,O,I,a,m,;,a,P,b,r,],7,v,B,A,i,e,P,D,s,L,V,p,:,%,A,O,B,x,u,^,e,Z,7,&,Q,9,o,P,{,#,],&,),p,C,L,g,(,.,b,x,J,>,A,?,w,b,I,B,u,!,g,j,.,4,9,o,:,f,$,6,M,R,D,S,8,K,},C,4,7,&,d,Y,B,],7,8,<,s,m,H,F
X,!,[,H,:,x,r,:,N,w,j,",",P,{,U,8,t,U,x,E,5,[,f,x,V,4,a,.,q,Z,i,q,.,S,>,^,u,y,D,v,2,W,x,m,Q,u,y,F,{,],y,%,d,h,T,{,W,x,$,_,[,?,i,L,H,j,g,%,{,.,!,o,V,Y,J,<,I,R,h,>,B,f,5,F,[,2,i,y,U,t,P,w,$,j,d,l,{,[,E,_
E,:,9,L,P,<,;,U,l,P,k,K,c,<,z,&,h,6,s,?,!,{,X,I,<,@,o,V,*,<,P,G,<,O,",",1,U,6,%,(,9,X,c,6,V,Z,8,J,(,7,:,E,Y,M,$,H,$,>,k,G,],y,r,#,L,F,q,e,D,V,p,b,>,g,;,J,F,&,>,^,Q,1,V,{,>,K,.,P,v,0,x,t,0,r,c,C,P,w,X,G
%,v,G,n,[,d,D,r,T,r,C,v,B,o,;,@,c,],j,h,R,i,{,X,8,&,C,P,g,R,_,J,),u,],;,L,;,L,w,M,W,S,.,e,!,w,h,P,B,},:,x,B,W,",",<,b,k,F,<,@,U,W,A,7,%,n,B,x,],B,;,D,y,W,i,&,:,z,),6,k,4,m,),1,S,3,2,:,k,^,E,y,I,j,g,.,x
%,?,r,Z,s,>,C,?,x,I,<,^,P,t,{,),I,",",d,J,;,l,o,T,",",(,7,6,o,m,w,W,r,8,O,k,M,_,Y,(,s,0,(,K,u,e,7,y,#,7,*,t,&,q,c,[,t,Z,w,",",m,j,i,B,Y,W,>,(,u,w,8,G,>,r,T,(,n,O,B,g,R,@,(,L,{,>,],3,b,b,f,I,[,x,c,z,i,e,},q
%,%,?,Q,k,I,h,s,C,6,e,%,1,?,B,v,A,*,j,s,Y,p,(,&,X,},4,x,H,",",p,7,U,5,p,t,E,:,7,9,v,B,M,_,),C,],2,R,:,8,D,J,0,N,k,#,A,8,c,],y,a,l,M,v,t,d,x,<,i,8,#,R,N,},A,V,$,.,3,J,J,4,t,C,^,8,Z,w,],y,O,3,B,;,*,#,V,:
?,t,t,z,w,1,_,I,!,k,1,i,h,j,6,n,1,.,%,I,],g,Z,>,[,o,0,h,x,F,S,w,i,E,O,E,7,%,S,5,),v,&,],m,V,H,Q,8,r,r,R,L,R,E,Y,w,},4,K,},j,),$,^,M,z,S,a,",",*,>,P,B,R,r,p,.,*,D,f,K,B,c,(,M,f,#,",",",",T,K,m,:,p,Z,9,P,o,6
x,^,x,i,D,",",D,.,m,Y,v,;,J,U,e,_,d,w,K,M,e,6,E,6,F,B,L,C,K,:,U,<,E,0,Y,K,H,X,K,",",6,&,I,K,^,y,h,G,;,^,2,x,},5,z,0,M,K,s,2,E,z,z,e,o,Q,M,y,L,T,W,),[,?,e,M,A,Q,D,u,T,R,T,t,a,u,0,w,H,C,],Q,w,4,V,(,C,J,9,>
},k,D,!,",",c,v,%,q,u,k,s,k,0,>,e,3,m,n,E,V,;,9,(,3,3,H,>,t,Y,&,k,b,S,l,^,i,[,0,*,m,R,%,P,D,^,*,0,t,Y,$,D,8,h,D,n,L,4,h,E,X,7,7,[,!,j,N,!,y,&,n,Q,.,5,u,W,&,I,A,X,.,[,q,6,f,K,M,k,[,&,3,d,),],8,},E,8,x,a
